-- phpMyAdmin SQL Dump
-- version 5.2.1
-- https://www.phpmyadmin.net/
--
-- Máy chủ: 127.0.0.1
-- Thời gian đã tạo: Th10 23, 2024 lúc 11:32 AM
-- Phiên bản máy phục vụ: 10.4.32-MariaDB
-- Phiên bản PHP: 8.2.12

SET SQL_MODE = "NO_AUTO_VALUE_ON_ZERO";
START TRANSACTION;
SET time_zone = "+00:00";


/*!40101 SET @OLD_CHARACTER_SET_CLIENT=@@CHARACTER_SET_CLIENT */;
/*!40101 SET @OLD_CHARACTER_SET_RESULTS=@@CHARACTER_SET_RESULTS */;
/*!40101 SET @OLD_COLLATION_CONNECTION=@@COLLATION_CONNECTION */;
/*!40101 SET NAMES utf8mb4 */;

--
-- Cơ sở dữ liệu: `project_film`
--
CREATE DATABASE IF NOT EXISTS `project_film` DEFAULT CHARACTER SET utf8 COLLATE utf8_general_ci;
USE `project_film`;

-- --------------------------------------------------------

--
-- Cấu trúc bảng cho bảng `baiviet`
--

CREATE TABLE `baiviet` (
  `Id` int(11) NOT NULL,
  `ChuDeBV` int(11) NOT NULL,
  `TenBV` varchar(255) NOT NULL,
  `LienKet` varchar(255) DEFAULT NULL,
  `ChiTiet` text DEFAULT NULL,
  `Anh` varchar(255) DEFAULT NULL,
  `KieuBV` varchar(255) DEFAULT NULL,
  `MoTa` text NOT NULL,
  `TuKhoa` varchar(255) NOT NULL,
  `NguoiTao` int(11) NOT NULL,
  `NgayTao` datetime NOT NULL,
  `NguoiCapNhat` int(11) DEFAULT NULL,
  `NgayCapNhat` datetime DEFAULT NULL,
  `TrangThai` tinyint(1) NOT NULL
) ENGINE=InnoDB DEFAULT CHARSET=utf8 COLLATE=utf8_general_ci;

--
-- Đang đổ dữ liệu cho bảng `baiviet`
--

INSERT INTO `baiviet` (`Id`, `ChuDeBV`, `TenBV`, `LienKet`, `ChiTiet`, `Anh`, `KieuBV`, `MoTa`, `TuKhoa`, `NguoiTao`, `NgayTao`, `NguoiCapNhat`, `NgayCapNhat`, `TrangThai`) VALUES
(2, 4, 'Chuyện Gì Đã Xảy Ra Trong Linh Miêu: Quỷ Nhập Tràng?', 'chuyen-gi-da-xay-ra-trong-linh-mieu:-quy-nhap-trang?', 'Để chuẩn bị cho cuộc đổ bộ phòng vé tháng 11 năm nay, Linh Miêu: Quỷ Nhập Tràng tiếp tục “nhá hàng” những hình ảnh tiết lộ thêm về nguồn gốc của lời nguyền. Khi mà giờ đây, trong gia đình phát hiện có người đã làm tà thuật để kết hợp rắn hổ mang và mèo đe', '673072a4669e3.jpg', 'blog', 'Để chuẩn bị cho cuộc đổ bộ phòng vé tháng 11 năm nay, Linh Miêu: Quỷ Nhập Tràng tiếp tục “nhá hàng” những hình ảnh tiết lộ thêm về nguồn gốc của lời nguyền. Khi mà giờ đây, trong gia đình phát hiện có người đã làm tà thuật để kết hợp rắn hổ mang và mèo đe', 'Venom', 3, '2024-11-10 09:35:08', 3, '2024-11-10 15:45:24', 1),
(3, 4, 'Đếm 500 Cameo Từ Deadpool & Wolverine', 'dém-500-cameo-tù-deadpool-&-wolverine', 'Là canh bạc lớn Marvel Studios đối phó cơn thoái trào dòng phim siêu anh hùng, Deadpool & Wolverine tung ra hàng loạt chiêu bài lôi kéo khán giả. Dĩ nhiên, những quả trứng Phục Sinh liên quan đến các dự án siêu anh hùng cũ và mới là yếu tố cực kì quan trọng để nhà sản xuất “câu khách”! Stars nắm được bao nhiêu chi tiết ẩn khi xem bộ phim chiếu rạp này? Happy Hogan Từ vai trò tài xế cho Tony Stark, Happy thăng tiến tốc độ chóng mặt và nay đã ngồi vào ghế phỏng vấn tuyển dụng ở  tập đoàn Stark. Không may, Happy thẳng thừng từ chối Wade Wilson dù gã phản anh hùng có màn phỏng vấn xin việc cực kì ấn tượng. Henry Cavill Chỉ xuất hiện đúng một cảnh quay, Henry Cavill và bắp tay khổng lồ gây ấn tượng cực kì sâu sắc. Dù rất nhiều lời đồn đoán rằng “Harry Potter” Daniel Radcliffe sẽ vào vai Wolverine bản mới, có lẽ, Henry Cavill mới là lựa chọn thích hợp hơn. Deadpool còn khẳng định Marvel trả lương cao hơn DC! Johnny Thiên Thần Chắc chắn, khoảnh khắc Chris Evans thốt ra “Flame on!” là một trong những cảnh phim đáng nhớ nhất Deadpool & Wolverine. Những khán giả xem phim siêu anh hùng từ những năm đầu thế kỉ chắc hẳn khó quên Johnny Storm háo thắng bốc đồng ở Fantastic Four (2005) và Fantastic Four: Rise of the Silver Surfer (2007). Những năm gần đây, Chris Evans ghi dấu ấn toàn cầu nhờ hình ảnh “thanh niên nghiêm túc” Captain America. Steve đĩnh đạc thích nhắc nhở các đồng đội “language” trong các bộ phim thuộc vũ trụ điện ảnh Marvel và Human Torch trẻ trâu khác nhau quá đỗi. Công chúng còn đùa vui rằng, xét bản tính tếu táo ngoài đời, Johnny Storm gần với Chris Evans hơn Steve Rogers nhiều.  Gambit Khoảng năm 2014, Fox muốn sản xuất Gambit và chọn Channing Tatum làm nam chính. Thế nhưng, dự án này đã chết yểu trước khi ra mắt. Cáo về tay nhà Chuột, bộ phim riêng cho “thần bài” trở thành điệp vụ bất khả thi. Chính bản thân Channing Tatum cũng chẳng ít lần bày tỏ nỗi thất vọng vì không thể diễn nhân vật này trên màn ảnh. May mắn thay, Deadpool & Wolverine tặng anh cơ hội được khoác lên người tạo hình ngày nhớ đêm mong ấy. “Gambit” Channing Tatum rất thích nói những câu đạo lí, thi thoảng chèn vào lời tự sự về thân phận chẳng biết có tồn tại hay không của bản thân. Dẫu sao thì, Channing Tatum lỡ mất Gambit biết đâu lại tốt, bởi hầu hết công chúng đều bày tỏ Taylor Kitsch (Gambit trong X-Men Origins: Wolverine) hợp vai hơn hẳn. Elektra và Blade Ở tuổi 52, Jennifer Garner vẫn quá đẹp ở tạo hình Elektra bản 2024. Nữ chiến binh từng làm mưa làm gió một thời bởi thân hình quá quyến rũ dù tác phẩm lỗ chổng vó tại các rạp chiếu phim toàn cầu. Khác với Elektra, Blade do Wesley Snipes thủ vai thành công hơn hẳn, sản xuất tận 3 phần. Đặc biệt, Blade: Trinity còn Ryan Reynolds góp mặt. Trong Deadpool & Wolverine, Deadpool nói rằng anh là Blade duy nhất. Đây có phải là dấu hiệu cho thấy Blade phiên bản mới của Mahershala Ali sẽ chìm vào quên lãng mãi mãi? Suốt 5 năm qua, Blade đã đổi biên kịch nhiều lần, vẫn chưa đi vào quá trình sản xuất và Mahershala Ali cũng vắng bóng tại Comic-Con San Diego vừa qua. Xưa nay, không ít lần Marvel Studios ra tay “xử trảm” những dự án từng được kì vọng nếu cảm thấy chúng lỗi thời. Inhumans là ví dụ điển hình. Tại kì Comic-Con lần này, Marvel Studios đã công bố hàng loạt dự án cho các năm 2025-2026: - Captain America: Brave New World (Dự kiến khởi chiếu 14.02.2025) - Thunderbolts (Dự kiến khởi chiếu 05.2025) - The Fantastic Four: First Steps (Dự kiến khởi chiếu 07.2025) - Avengers: Doomsday (Dự kiến khởi chiếu 05.2026) - Avengers: Secret Wars (Dự kiến khởi chiếu 05.2027) Cơ hội dành cho Blade dường như chẳng còn! X-23 Năm 2017, cuộc phiêu lưu đầy máu của Logan và cô bé X-23 Laura đã lấy đi hàng lít nước mắt  khán giả. Thật tuyệt vời khi lại thấy Hugh Jackman và Dafne Keen xuất hiện chung khung hình ở Deadpool & Wolverine. Dù không nhiều đất diễn, Laura chứng minh rõ ràng rằng cô bé xứng đáng với sự hi sinh của Logan!  Avengers Iron Man, Captian America và Thor – những Avengers kì cựu cũng được nhắc đến trong Deadpool & Wolverine. Điều này phần nào chứng minh Trái Đất 10005 mà Wade Wilson đang sống vẫn là vũ trụ gốc – cốt lõi MCU. Dẫu vậy, với một tác phẩm nhiều lần phá vỡ “bức tường thứ 4” như Deadpool & Wolverine, không gì là chắc chắn cả. Spiderman SpideyPool là bộ đôi được yêu thích hàng đầu dàn comic Marvel. Trong Deadpool & Wolverine, khoảnh khắc trên xe, Deadpool dùng cử chỉ phóng tơ của Người Nhện. Thêm vào đó, câu thoại “Mọi Deadpool đều có một Peter.” tiếp tục ẩn ý về Peter Parker lừng danh. Liệu người hâm mộ SpideyPool có cơ hội chứng kiến màn song kiếm hợp bích trên màn ảnh rộng? Và nếu điều tuyệt vời ấy xảy ra thì Tobey Maguire, Andrew Garfield hay Tom Holland sẽ là Người Nhện sánh vai cùng “Deadpool” Ryan Reynolds? X-Men Deadpool & Wolverine dành một đoạn phim tri ân vũ trụ điện ảnh Marvel thuộc Fox với những dị nhân quen thuộc như Charlie Xavier (Patrick Stewart / James McAvoy), Magneto (Ian McKellen / Michael Fassbender), Mystique, Jean Grey, Cyclops, Storm, Quicksilver… Hiện vẫn chưa có thông tin nào việc Marvel sẽ sử dụng dàn diễn viên cũ hay tuyển diễn viên mới cho các phim tiếp theo về Dị Nhân. Credit suýt có Doctor Doom Cùng với việc Deadpool & Wolverine làm mưa làm gió tại các rạp chiếu phim toàn cầu, Marvel Studios àm dậy sóng tại Comic-Con vì hé lộ Robert Downey Jr. tiếp tục đeo lên chiếc mặt nạ mới và trở thành phản diện Doctor Doom. Được biết, sau khi diễn viên thủ vai Kang - Jonathan Majors vướng vòng lao lí, hãng từng liên lạc với Robert Downey Jr. về việc quay lại MCU. Marvel cũng lên kế hoạch cho Doctor Doom xuất hiện ở credit Deadpool & Wolverine. Tuy nhiên, việc này không thành vì lúc đó Robert từ chối. Thời gian sau, ngôi sao đoạt tượng vàng Oscar năm nay mới gật đầu. Dẫu sao, thay Doctor Doom bùng nổ, Deadpool & Wolverine bù lại bằng một after credit cực hài, chắc chắn sẽ khiến khán giả cười ngất ngay cả lúc đã ra khỏi rạp chiếu phim.', '673073b3bdae8.jpg,673073b3bdc3f.jpg', 'blog', 'Là canh bạc lớn Marvel Studios đối phó cơn thoái trào dòng phim siêu anh hùng, Deadpool & Wolverine tung ra hàng loạt chiêu bài lôi kéo khán giả. Dĩ nhiên, những quả trứng Phục Sinh liên quan đến các dự án siêu anh hùng cũ và mới là yếu tố cực kì quan trọng để nhà sản xuất “câu khách”!', 'Cameo', 3, '2024-11-10 09:40:51', 3, '2024-11-10 15:49:55', 1);

-- --------------------------------------------------------

--
-- Cấu trúc bảng cho bảng `chitiethoadon`
--

CREATE TABLE `chitiethoadon` (
  `MaCTHD` int(11) NOT NULL,
  `MaHD` int(11) NOT NULL,
  `MaSuatChieu` int(11) NOT NULL,
  `MaGhe` int(11) NOT NULL,
  `NguoiTao` int(11) NOT NULL,
  `NgayTao` datetime NOT NULL,
  `NguoiCapNhat` int(11) DEFAULT NULL,
  `NgayCapNhat` datetime DEFAULT NULL,
  `TrangThai` bit(1) NOT NULL
) ENGINE=InnoDB DEFAULT CHARSET=utf8 COLLATE=utf8_general_ci;

--
-- Đang đổ dữ liệu cho bảng `chitiethoadon`
--

INSERT INTO `chitiethoadon` (`MaCTHD`, `MaHD`, `MaSuatChieu`, `MaGhe`, `NguoiTao`, `NgayTao`, `NguoiCapNhat`, `NgayCapNhat`, `TrangThai`) VALUES
(113, 31, 20, 24, 5, '2024-11-14 12:54:31', 5, '2024-11-14 12:54:31', b'1'),
(114, 31, 20, 25, 5, '2024-11-14 12:54:31', 5, '2024-11-14 12:54:31', b'1'),
(115, 31, 20, 26, 5, '2024-11-14 12:54:31', 5, '2024-11-14 12:54:31', b'1'),
(116, 31, 20, 27, 5, '2024-11-14 12:54:31', 5, '2024-11-14 12:54:31', b'1'),
(117, 31, 20, 28, 5, '2024-11-14 12:54:31', 5, '2024-11-14 12:54:31', b'1'),
(118, 31, 20, 29, 5, '2024-11-14 12:54:31', 5, '2024-11-14 12:54:31', b'1'),
(119, 31, 20, 30, 5, '2024-11-14 12:54:31', 5, '2024-11-14 12:54:31', b'1'),
(120, 31, 20, 31, 5, '2024-11-14 12:54:31', 5, '2024-11-14 12:54:31', b'1'),
(121, 31, 20, 32, 5, '2024-11-14 12:54:31', 5, '2024-11-14 12:54:31', b'1'),
(122, 31, 20, 33, 5, '2024-11-14 12:54:31', 5, '2024-11-14 12:54:31', b'1'),
(123, 32, 20, 37, 5, '2024-11-14 12:55:31', 5, '2024-11-14 12:55:31', b'1'),
(124, 32, 20, 38, 5, '2024-11-14 12:55:31', 5, '2024-11-14 12:55:31', b'1'),
(125, 32, 20, 39, 5, '2024-11-14 12:55:31', 5, '2024-11-14 12:55:31', b'1'),
(126, 32, 20, 40, 5, '2024-11-14 12:55:31', 5, '2024-11-14 12:55:31', b'1'),
(127, 32, 20, 41, 5, '2024-11-14 12:55:31', 5, '2024-11-14 12:55:31', b'1'),
(128, 32, 20, 46, 5, '2024-11-14 12:55:31', 5, '2024-11-14 12:55:31', b'1'),
(129, 32, 20, 47, 5, '2024-11-14 12:55:31', 5, '2024-11-14 12:55:31', b'1'),
(130, 33, 20, 17, 5, '2024-11-14 12:57:49', 5, '2024-11-14 12:57:49', b'1'),
(131, 33, 20, 18, 5, '2024-11-14 12:57:49', 5, '2024-11-14 12:57:49', b'1'),
(132, 33, 20, 19, 5, '2024-11-14 12:57:49', 5, '2024-11-14 12:57:49', b'1'),
(133, 33, 20, 20, 5, '2024-11-14 12:57:49', 5, '2024-11-14 12:57:49', b'1'),
(134, 34, 30, 5, 10, '2024-11-15 10:34:28', 10, '2024-11-15 10:34:28', b'1'),
(135, 34, 30, 15, 10, '2024-11-15 10:34:28', 10, '2024-11-15 10:34:28', b'1'),
(136, 34, 30, 25, 10, '2024-11-15 10:34:28', 10, '2024-11-15 10:34:28', b'1'),
(137, 34, 30, 35, 10, '2024-11-15 10:34:28', 10, '2024-11-15 10:34:28', b'1'),
(138, 34, 30, 44, 10, '2024-11-15 10:34:28', 10, '2024-11-15 10:34:28', b'1'),
(139, 34, 30, 45, 10, '2024-11-15 10:34:29', 10, '2024-11-15 10:34:29', b'1'),
(140, 34, 30, 46, 10, '2024-11-15 10:34:29', 10, '2024-11-15 10:34:29', b'1'),
(141, 34, 30, 47, 10, '2024-11-15 10:34:29', 10, '2024-11-15 10:34:29', b'1'),
(142, 35, 20, 6, 10, '2024-11-15 10:34:53', 10, '2024-11-15 10:34:53', b'1'),
(143, 35, 20, 16, 10, '2024-11-15 10:34:54', 10, '2024-11-15 10:34:54', b'1'),
(144, 36, 34, 104, 10, '2024-11-15 10:38:59', 10, '2024-11-15 10:38:59', b'1'),
(145, 36, 34, 112, 10, '2024-11-15 10:38:59', 10, '2024-11-15 10:38:59', b'1'),
(146, 36, 34, 120, 10, '2024-11-15 10:38:59', 10, '2024-11-15 10:38:59', b'1'),
(147, 36, 34, 128, 10, '2024-11-15 10:38:59', 10, '2024-11-15 10:38:59', b'1'),
(148, 36, 34, 136, 10, '2024-11-15 10:38:59', 10, '2024-11-15 10:38:59', b'1'),
(149, 36, 34, 137, 10, '2024-11-15 10:38:59', 10, '2024-11-15 10:38:59', b'1'),
(150, 36, 34, 146, 10, '2024-11-15 10:38:59', 10, '2024-11-15 10:38:59', b'1'),
(151, 36, 34, 147, 10, '2024-11-15 10:38:59', 10, '2024-11-15 10:38:59', b'1'),
(152, 37, 33, 58, 10, '2024-11-15 10:40:34', 10, '2024-11-15 10:40:34', b'1'),
(153, 37, 33, 59, 10, '2024-11-15 10:40:34', 10, '2024-11-15 10:40:34', b'1'),
(154, 37, 33, 60, 10, '2024-11-15 10:40:34', 10, '2024-11-15 10:40:34', b'1'),
(155, 37, 33, 61, 10, '2024-11-15 10:40:34', 10, '2024-11-15 10:40:34', b'1'),
(156, 37, 33, 62, 10, '2024-11-15 10:40:34', 10, '2024-11-15 10:40:34', b'1'),
(157, 37, 33, 63, 10, '2024-11-15 10:40:35', 10, '2024-11-15 10:40:35', b'1'),
(158, 37, 33, 64, 10, '2024-11-15 10:40:35', 10, '2024-11-15 10:40:35', b'1'),
(159, 37, 33, 65, 10, '2024-11-15 10:40:35', 10, '2024-11-15 10:40:35', b'1'),
(160, 37, 33, 66, 10, '2024-11-15 10:40:35', 10, '2024-11-15 10:40:35', b'1'),
(161, 37, 33, 67, 10, '2024-11-15 10:40:35', 10, '2024-11-15 10:40:35', b'1'),
(162, 37, 33, 68, 10, '2024-11-15 10:40:35', 10, '2024-11-15 10:40:35', b'1'),
(163, 37, 33, 69, 10, '2024-11-15 10:40:35', 10, '2024-11-15 10:40:35', b'1'),
(164, 37, 33, 70, 10, '2024-11-15 10:40:35', 10, '2024-11-15 10:40:35', b'1'),
(165, 37, 33, 71, 10, '2024-11-15 10:40:35', 10, '2024-11-15 10:40:35', b'1'),
(166, 37, 33, 72, 10, '2024-11-15 10:40:35', 10, '2024-11-15 10:40:35', b'1'),
(167, 37, 33, 73, 10, '2024-11-15 10:40:35', 10, '2024-11-15 10:40:35', b'1'),
(168, 37, 33, 74, 10, '2024-11-15 10:40:35', 10, '2024-11-15 10:40:35', b'1'),
(169, 37, 33, 75, 10, '2024-11-15 10:40:36', 10, '2024-11-15 10:40:36', b'1'),
(170, 37, 33, 76, 10, '2024-11-15 10:40:36', 10, '2024-11-15 10:40:36', b'1'),
(171, 37, 33, 77, 10, '2024-11-15 10:40:36', 10, '2024-11-15 10:40:36', b'1'),
(172, 37, 33, 78, 10, '2024-11-15 10:40:36', 10, '2024-11-15 10:40:36', b'1'),
(173, 37, 33, 79, 10, '2024-11-15 10:40:36', 10, '2024-11-15 10:40:36', b'1'),
(174, 37, 33, 80, 10, '2024-11-15 10:40:36', 10, '2024-11-15 10:40:36', b'1'),
(175, 37, 33, 81, 10, '2024-11-15 10:40:36', 10, '2024-11-15 10:40:36', b'1'),
(176, 37, 33, 82, 10, '2024-11-15 10:40:36', 10, '2024-11-15 10:40:36', b'1'),
(177, 37, 33, 83, 10, '2024-11-15 10:40:36', 10, '2024-11-15 10:40:36', b'1'),
(178, 37, 33, 84, 10, '2024-11-15 10:40:36', 10, '2024-11-15 10:40:36', b'1'),
(179, 37, 33, 85, 10, '2024-11-15 10:40:36', 10, '2024-11-15 10:40:36', b'1'),
(180, 37, 33, 86, 10, '2024-11-15 10:40:36', 10, '2024-11-15 10:40:36', b'1'),
(181, 37, 33, 87, 10, '2024-11-15 10:40:36', 10, '2024-11-15 10:40:36', b'1'),
(182, 37, 33, 88, 10, '2024-11-15 10:40:36', 10, '2024-11-15 10:40:36', b'1'),
(183, 37, 33, 89, 10, '2024-11-15 10:40:36', 10, '2024-11-15 10:40:36', b'1'),
(184, 37, 33, 90, 10, '2024-11-15 10:40:36', 10, '2024-11-15 10:40:36', b'1'),
(185, 37, 33, 91, 10, '2024-11-15 10:40:37', 10, '2024-11-15 10:40:37', b'1'),
(186, 37, 33, 92, 10, '2024-11-15 10:40:37', 10, '2024-11-15 10:40:37', b'1'),
(187, 37, 33, 93, 10, '2024-11-15 10:40:37', 10, '2024-11-15 10:40:37', b'1'),
(188, 37, 33, 94, 10, '2024-11-15 10:40:37', 10, '2024-11-15 10:40:37', b'1'),
(189, 37, 33, 95, 10, '2024-11-15 10:40:37', 10, '2024-11-15 10:40:37', b'1'),
(190, 37, 33, 96, 10, '2024-11-15 10:40:37', 10, '2024-11-15 10:40:37', b'1'),
(191, 37, 33, 97, 10, '2024-11-15 10:40:37', 10, '2024-11-15 10:40:37', b'1'),
(192, 37, 33, 98, 10, '2024-11-15 10:40:37', 10, '2024-11-15 10:40:37', b'1'),
(193, 37, 33, 99, 10, '2024-11-15 10:40:37', 10, '2024-11-15 10:40:37', b'1'),
(194, 37, 33, 100, 10, '2024-11-15 10:40:37', 10, '2024-11-15 10:40:37', b'1'),
(195, 37, 33, 101, 10, '2024-11-15 10:40:37', 10, '2024-11-15 10:40:37', b'1'),
(196, 37, 33, 102, 10, '2024-11-15 10:40:37', 10, '2024-11-15 10:40:37', b'1'),
(197, 37, 33, 103, 10, '2024-11-15 10:40:37', 10, '2024-11-15 10:40:37', b'1'),
(198, 38, 34, 123, 10, '2024-11-15 10:41:01', 10, '2024-11-15 10:41:01', b'1'),
(199, 38, 34, 131, 10, '2024-11-15 10:41:01', 10, '2024-11-15 10:41:01', b'1'),
(200, 38, 34, 140, 10, '2024-11-15 10:41:01', 10, '2024-11-15 10:41:01', b'1'),
(201, 38, 34, 141, 10, '2024-11-15 10:41:01', 10, '2024-11-15 10:41:01', b'1'),
(202, 39, 20, 4, 5, '2024-11-15 10:42:12', 5, '2024-11-15 10:42:12', b'1'),
(203, 39, 20, 5, 5, '2024-11-15 10:42:12', 5, '2024-11-15 10:42:12', b'1'),
(204, 39, 20, 7, 5, '2024-11-15 10:42:12', 5, '2024-11-15 10:42:12', b'1'),
(205, 39, 20, 8, 5, '2024-11-15 10:42:12', 5, '2024-11-15 10:42:12', b'1'),
(206, 39, 20, 12, 5, '2024-11-15 10:42:12', 5, '2024-11-15 10:42:12', b'1'),
(207, 39, 20, 14, 5, '2024-11-15 10:42:12', 5, '2024-11-15 10:42:12', b'1'),
(208, 39, 20, 15, 5, '2024-11-15 10:42:12', 5, '2024-11-15 10:42:12', b'1'),
(209, 39, 20, 22, 5, '2024-11-15 10:42:12', 5, '2024-11-15 10:42:12', b'1'),
(210, 39, 20, 44, 5, '2024-11-15 10:42:12', 5, '2024-11-15 10:42:12', b'1'),
(211, 39, 20, 45, 5, '2024-11-15 10:42:13', 5, '2024-11-15 10:42:13', b'1'),
(212, 39, 20, 48, 5, '2024-11-15 10:42:13', 5, '2024-11-15 10:42:13', b'1'),
(213, 39, 20, 49, 5, '2024-11-15 10:42:13', 5, '2024-11-15 10:42:13', b'1'),
(214, 39, 20, 50, 5, '2024-11-15 10:42:13', 5, '2024-11-15 10:42:13', b'1'),
(215, 39, 20, 51, 5, '2024-11-15 10:42:13', 5, '2024-11-15 10:42:13', b'1'),
(216, 39, 20, 52, 5, '2024-11-15 10:42:13', 5, '2024-11-15 10:42:13', b'1'),
(217, 39, 20, 53, 5, '2024-11-15 10:42:13', 5, '2024-11-15 10:42:13', b'1'),
(218, 40, 39, 58, 5, '2024-11-15 10:49:37', 5, '2024-11-15 10:49:37', b'1'),
(219, 40, 39, 59, 5, '2024-11-15 10:49:37', 5, '2024-11-15 10:49:37', b'1'),
(220, 40, 39, 60, 5, '2024-11-15 10:49:37', 5, '2024-11-15 10:49:37', b'1'),
(221, 40, 39, 61, 5, '2024-11-15 10:49:37', 5, '2024-11-15 10:49:37', b'1'),
(222, 40, 39, 62, 5, '2024-11-15 10:49:37', 5, '2024-11-15 10:49:37', b'1'),
(223, 40, 39, 63, 5, '2024-11-15 10:49:37', 5, '2024-11-15 10:49:37', b'1'),
(224, 40, 39, 64, 5, '2024-11-15 10:49:37', 5, '2024-11-15 10:49:37', b'1'),
(225, 40, 39, 65, 5, '2024-11-15 10:49:37', 5, '2024-11-15 10:49:37', b'1'),
(226, 40, 39, 66, 5, '2024-11-15 10:49:37', 5, '2024-11-15 10:49:37', b'1'),
(227, 40, 39, 67, 5, '2024-11-15 10:49:38', 5, '2024-11-15 10:49:38', b'1'),
(228, 40, 39, 68, 5, '2024-11-15 10:49:38', 5, '2024-11-15 10:49:38', b'1'),
(229, 40, 39, 69, 5, '2024-11-15 10:49:38', 5, '2024-11-15 10:49:38', b'1'),
(230, 40, 39, 70, 5, '2024-11-15 10:49:38', 5, '2024-11-15 10:49:38', b'1'),
(231, 40, 39, 71, 5, '2024-11-15 10:49:38', 5, '2024-11-15 10:49:38', b'1'),
(232, 40, 39, 72, 5, '2024-11-15 10:49:38', 5, '2024-11-15 10:49:38', b'1'),
(233, 40, 39, 73, 5, '2024-11-15 10:49:38', 5, '2024-11-15 10:49:38', b'1'),
(234, 41, 39, 94, 11, '2024-11-15 10:50:42', 11, '2024-11-15 10:50:42', b'1'),
(235, 41, 39, 95, 11, '2024-11-15 10:50:42', 11, '2024-11-15 10:50:42', b'1'),
(236, 41, 39, 96, 11, '2024-11-15 10:50:42', 11, '2024-11-15 10:50:42', b'1'),
(237, 41, 39, 97, 11, '2024-11-15 10:50:42', 11, '2024-11-15 10:50:42', b'1'),
(238, 41, 39, 98, 11, '2024-11-15 10:50:42', 11, '2024-11-15 10:50:42', b'1'),
(239, 41, 39, 99, 11, '2024-11-15 10:50:42', 11, '2024-11-15 10:50:42', b'1'),
(240, 41, 39, 100, 11, '2024-11-15 10:50:42', 11, '2024-11-15 10:50:42', b'1'),
(241, 41, 39, 101, 11, '2024-11-15 10:50:42', 11, '2024-11-15 10:50:42', b'1'),
(242, 41, 39, 102, 11, '2024-11-15 10:50:42', 11, '2024-11-15 10:50:42', b'1'),
(243, 41, 39, 103, 11, '2024-11-15 10:50:42', 11, '2024-11-15 10:50:42', b'1'),
(244, 42, 39, 74, 11, '2024-11-15 10:51:04', 11, '2024-11-15 10:51:04', b'1'),
(245, 42, 39, 75, 11, '2024-11-15 10:51:05', 11, '2024-11-15 10:51:05', b'1'),
(246, 42, 39, 76, 11, '2024-11-15 10:51:05', 11, '2024-11-15 10:51:05', b'1'),
(247, 42, 39, 77, 11, '2024-11-15 10:51:05', 11, '2024-11-15 10:51:05', b'1'),
(248, 42, 39, 84, 11, '2024-11-15 10:51:05', 11, '2024-11-15 10:51:05', b'1'),
(249, 42, 39, 85, 11, '2024-11-15 10:51:05', 11, '2024-11-15 10:51:05', b'1'),
(250, 42, 39, 86, 11, '2024-11-15 10:51:05', 11, '2024-11-15 10:51:05', b'1'),
(251, 42, 39, 87, 11, '2024-11-15 10:51:05', 11, '2024-11-15 10:51:05', b'1'),
(252, 43, 32, 121, 13, '2024-11-15 16:28:33', 13, '2024-11-15 16:28:33', b'1'),
(253, 43, 32, 122, 13, '2024-11-15 16:28:33', 13, '2024-11-15 16:28:33', b'1'),
(254, 43, 32, 123, 13, '2024-11-15 16:28:33', 13, '2024-11-15 16:28:33', b'1'),
(255, 43, 32, 130, 13, '2024-11-15 16:28:33', 13, '2024-11-15 16:28:33', b'1'),
(256, 43, 32, 131, 13, '2024-11-15 16:28:33', 13, '2024-11-15 16:28:33', b'1'),
(257, 43, 32, 138, 13, '2024-11-15 16:28:33', 13, '2024-11-15 16:28:33', b'1'),
(258, 43, 32, 139, 13, '2024-11-15 16:28:33', 13, '2024-11-15 16:28:33', b'1'),
(259, 44, 32, 113, 13, '2024-11-15 16:35:55', 13, '2024-11-15 16:35:55', b'1'),
(260, 44, 32, 114, 13, '2024-11-15 16:35:55', 13, '2024-11-15 16:35:55', b'1'),
(261, 44, 32, 115, 13, '2024-11-15 16:35:55', 13, '2024-11-15 16:35:55', b'1'),
(262, 44, 32, 116, 13, '2024-11-15 16:35:55', 13, '2024-11-15 16:35:55', b'1'),
(263, 44, 32, 132, 13, '2024-11-15 16:35:55', 13, '2024-11-15 16:35:55', b'1'),
(264, 44, 32, 140, 13, '2024-11-15 16:35:55', 13, '2024-11-15 16:35:55', b'1'),
(265, 44, 32, 141, 13, '2024-11-15 16:35:55', 13, '2024-11-15 16:35:55', b'1'),
(266, 45, 34, 134, 13, '2024-11-15 16:36:14', 13, '2024-11-15 16:36:14', b'1'),
(267, 45, 34, 135, 13, '2024-11-15 16:36:14', 13, '2024-11-15 16:36:14', b'1'),
(268, 46, 36, 78, 5, '2024-11-16 08:51:51', 5, '2024-11-16 08:51:51', b'1'),
(269, 46, 36, 79, 5, '2024-11-16 08:51:51', 5, '2024-11-16 08:51:51', b'1'),
(270, 53, 37, 130, 16, '2024-11-16 18:11:40', 16, '2024-11-16 18:11:40', b'1'),
(271, 53, 37, 131, 16, '2024-11-16 18:11:40', 16, '2024-11-16 18:11:40', b'1'),
(272, 53, 37, 132, 16, '2024-11-16 18:11:40', 16, '2024-11-16 18:11:40', b'1'),
(273, 53, 37, 140, 16, '2024-11-16 18:11:40', 16, '2024-11-16 18:11:40', b'1'),
(274, 53, 37, 141, 16, '2024-11-16 18:11:40', 16, '2024-11-16 18:11:40', b'1');

-- --------------------------------------------------------

--
-- Cấu trúc bảng cho bảng `chude`
--

CREATE TABLE `chude` (
  `Id` int(11) NOT NULL,
  `MaPhim` int(11) DEFAULT NULL,
  `TenRutGon` varchar(255) DEFAULT NULL,
  `MoTa` varchar(255) NOT NULL,
  `TuKhoa` varchar(255) NOT NULL,
  `TenChuDe` varchar(255) NOT NULL,
  `NguoiTao` int(11) NOT NULL,
  `NgayTao` datetime NOT NULL,
  `NguoiCapNhat` int(11) DEFAULT NULL,
  `NgayCapNhat` datetime DEFAULT NULL,
  `TrangThai` tinyint(1) DEFAULT NULL
) ENGINE=InnoDB DEFAULT CHARSET=utf8 COLLATE=utf8_general_ci;

--
-- Đang đổ dữ liệu cho bảng `chude`
--

INSERT INTO `chude` (`Id`, `MaPhim`, `TenRutGon`, `MoTa`, `TuKhoa`, `TenChuDe`, `NguoiTao`, `NgayTao`, `NguoiCapNhat`, `NgayCapNhat`, `TrangThai`) VALUES
(4, 30, 'phim', 'phim nhu cut', 'Phim', 'Phim', 3, '2024-11-10 09:31:29', 3, '2024-11-10 09:31:29', 1),
(5, 28, 'blog-dien-anh', 'Blog điện ảnh', 'blog', 'Blog điện ảnh', 3, '2024-11-10 09:32:12', 3, '2024-11-10 09:32:12', 1);

-- --------------------------------------------------------

--
-- Cấu trúc bảng cho bảng `ghe`
--

CREATE TABLE `ghe` (
  `MaGhe` int(11) NOT NULL,
  `TenGhe` varchar(3) NOT NULL,
  `MaPhong` int(11) NOT NULL,
  `LoaiGhe` varchar(10) NOT NULL,
  `GiaGhe` int(11) NOT NULL,
  `NguoiTao` int(11) NOT NULL,
  `NgayTao` datetime NOT NULL,
  `NguoiCapNhat` int(11) DEFAULT NULL,
  `NgayCapNhat` datetime DEFAULT NULL,
  `TrangThai` tinyint(1) DEFAULT NULL
) ENGINE=InnoDB DEFAULT CHARSET=utf8 COLLATE=utf8_general_ci;

--
-- Đang đổ dữ liệu cho bảng `ghe`
--

INSERT INTO `ghe` (`MaGhe`, `TenGhe`, `MaPhong`, `LoaiGhe`, `GiaGhe`, `NguoiTao`, `NgayTao`, `NguoiCapNhat`, `NgayCapNhat`, `TrangThai`) VALUES
(4, 'A1', 2, 'Đơn', 79000, 3, '2024-11-10 09:24:27', 3, '2024-11-10 09:24:27', 1),
(5, 'A2', 2, 'Đơn', 79000, 3, '2024-11-10 09:24:27', 3, '2024-11-10 09:24:27', 1),
(6, 'A3', 2, 'Đơn', 79000, 3, '2024-11-10 09:24:27', 3, '2024-11-10 09:24:27', 1),
(7, 'A4', 2, 'Đơn', 79000, 3, '2024-11-10 09:24:27', 3, '2024-11-10 09:24:27', 1),
(8, 'A5', 2, 'Đơn', 79000, 3, '2024-11-10 09:24:27', 3, '2024-11-10 09:24:27', 1),
(9, 'A6', 2, 'Đơn', 79000, 3, '2024-11-10 09:24:27', 3, '2024-11-10 09:24:27', 1),
(10, 'A7', 2, 'Đơn', 79000, 3, '2024-11-10 09:24:27', 3, '2024-11-10 09:24:27', 1),
(11, 'A8', 2, 'Đơn', 79000, 3, '2024-11-10 09:24:27', 3, '2024-11-10 09:24:27', 1),
(12, 'A9', 2, 'Đơn', 79000, 3, '2024-11-10 09:24:27', 3, '2024-11-10 09:24:27', 1),
(13, 'A10', 2, 'Đơn', 79000, 3, '2024-11-10 09:24:27', 3, '2024-11-10 09:24:27', 1),
(14, 'B1', 2, 'Đơn', 79000, 3, '2024-11-10 09:25:34', 3, '2024-11-10 09:25:34', 1),
(15, 'B2', 2, 'Đơn', 79000, 3, '2024-11-10 09:25:34', 3, '2024-11-10 09:25:34', 1),
(16, 'B3', 2, 'Đơn', 79000, 3, '2024-11-10 09:25:34', 3, '2024-11-10 09:25:34', 1),
(17, 'B4', 2, 'Đơn', 79000, 3, '2024-11-10 09:25:34', 3, '2024-11-10 09:25:34', 1),
(18, 'B5', 2, 'Đơn', 79000, 3, '2024-11-10 09:25:34', 3, '2024-11-10 09:25:34', 1),
(19, 'B6', 2, 'Đơn', 79000, 3, '2024-11-10 09:25:34', 3, '2024-11-10 09:25:34', 1),
(20, 'B7', 2, 'Đơn', 79000, 3, '2024-11-10 09:25:34', 3, '2024-11-10 09:25:34', 1),
(21, 'B8', 2, 'Đơn', 79000, 3, '2024-11-10 09:25:34', 3, '2024-11-10 09:25:34', 1),
(22, 'B9', 2, 'Đơn', 79000, 3, '2024-11-10 09:25:34', 3, '2024-11-10 09:25:34', 1),
(23, 'B10', 2, 'Đơn', 79000, 3, '2024-11-10 09:25:34', 3, '2024-11-10 09:25:34', 1),
(24, 'C1', 2, 'VIP', 150000, 3, '2024-11-10 09:25:49', 3, '2024-11-10 09:25:49', 1),
(25, 'C2', 2, 'VIP', 150000, 3, '2024-11-10 09:25:49', 3, '2024-11-10 09:25:49', 1),
(26, 'C3', 2, 'VIP', 150000, 3, '2024-11-10 09:25:49', 3, '2024-11-10 09:25:49', 1),
(27, 'C4', 2, 'VIP', 150000, 3, '2024-11-10 09:25:49', 3, '2024-11-10 09:25:49', 1),
(28, 'C5', 2, 'VIP', 150000, 3, '2024-11-10 09:25:49', 3, '2024-11-10 09:25:49', 1),
(29, 'C6', 2, 'VIP', 150000, 3, '2024-11-10 09:25:49', 3, '2024-11-10 09:25:49', 1),
(30, 'C7', 2, 'VIP', 150000, 3, '2024-11-10 09:25:49', 3, '2024-11-10 09:25:49', 1),
(31, 'C8', 2, 'VIP', 150000, 3, '2024-11-10 09:25:49', 3, '2024-11-10 09:25:49', 1),
(32, 'C9', 2, 'VIP', 150000, 3, '2024-11-10 09:25:49', 3, '2024-11-10 09:25:49', 1),
(33, 'C10', 2, 'VIP', 150000, 3, '2024-11-10 09:25:49', 3, '2024-11-10 09:25:49', 1),
(34, 'D1', 2, 'VIP', 150000, 3, '2024-11-10 09:26:13', 3, '2024-11-10 09:26:13', 1),
(35, 'D2', 2, 'VIP', 150000, 3, '2024-11-10 09:26:13', 3, '2024-11-10 09:26:13', 1),
(36, 'D3', 2, 'VIP', 150000, 3, '2024-11-10 09:26:13', 3, '2024-11-10 09:26:13', 1),
(37, 'D4', 2, 'VIP', 150000, 3, '2024-11-10 09:26:13', 3, '2024-11-10 09:26:13', 1),
(38, 'D5', 2, 'VIP', 150000, 3, '2024-11-10 09:26:13', 3, '2024-11-10 09:26:13', 1),
(39, 'D6', 2, 'VIP', 150000, 3, '2024-11-10 09:26:13', 3, '2024-11-10 09:26:13', 1),
(40, 'D7', 2, 'VIP', 150000, 3, '2024-11-10 09:26:13', 3, '2024-11-10 09:26:13', 1),
(41, 'D8', 2, 'VIP', 150000, 3, '2024-11-10 09:26:13', 3, '2024-11-10 09:26:13', 1),
(42, 'D9', 2, 'VIP', 150000, 3, '2024-11-10 09:26:13', 3, '2024-11-10 09:26:13', 1),
(43, 'D10', 2, 'VIP', 150000, 3, '2024-11-10 09:26:13', 3, '2024-11-10 09:26:13', 1),
(44, 'E1', 2, 'Đôi', 180000, 3, '2024-11-10 09:26:22', 3, '2024-11-10 09:26:22', 1),
(45, 'E2', 2, 'Đôi', 180000, 3, '2024-11-10 09:26:22', 3, '2024-11-10 09:26:22', 1),
(46, 'E3', 2, 'Đôi', 180000, 3, '2024-11-10 09:26:22', 3, '2024-11-10 09:26:22', 1),
(47, 'E4', 2, 'Đôi', 180000, 3, '2024-11-10 09:26:22', 3, '2024-11-10 09:26:22', 1),
(48, 'E5', 2, 'Đôi', 180000, 3, '2024-11-10 09:26:22', 3, '2024-11-10 09:26:22', 1),
(49, 'E6', 2, 'Đôi', 180000, 3, '2024-11-10 09:26:22', 3, '2024-11-10 09:26:22', 1),
(50, 'E7', 2, 'Đôi', 180000, 3, '2024-11-10 09:26:22', 3, '2024-11-10 09:26:22', 1),
(51, 'E8', 2, 'Đôi', 180000, 3, '2024-11-10 09:26:22', 3, '2024-11-10 09:26:22', 1),
(52, 'E9', 2, 'Đôi', 180000, 3, '2024-11-10 09:26:22', 3, '2024-11-10 09:26:22', 1),
(53, 'E10', 2, 'Đôi', 180000, 3, '2024-11-10 09:26:22', 3, '2024-11-10 09:26:22', 1),
(58, 'A5', 3, 'Đơn', 79000, 3, '2024-11-10 12:01:55', 3, '2024-11-10 12:01:55', 1),
(59, 'A6', 3, 'Đơn', 79000, 3, '2024-11-10 12:01:55', 3, '2024-11-10 12:01:55', 1),
(60, 'A7', 3, 'Đơn', 79000, 3, '2024-11-10 12:01:55', 3, '2024-11-10 12:01:55', 1),
(61, 'A8', 3, 'Đơn', 79000, 3, '2024-11-10 12:01:55', 3, '2024-11-10 12:01:55', 1),
(62, 'A9', 3, 'Đơn', 79000, 3, '2024-11-10 12:01:55', 3, '2024-11-10 12:01:55', 1),
(63, 'A10', 3, 'Đơn', 79000, 3, '2024-11-10 12:01:55', 3, '2024-11-10 12:01:55', 1),
(64, 'B1', 3, 'Đơn', 79000, 3, '2024-11-10 12:02:15', 3, '2024-11-10 12:02:15', 1),
(65, 'B2', 3, 'Đơn', 79000, 3, '2024-11-10 12:02:15', 3, '2024-11-10 12:02:15', 1),
(66, 'B3', 3, 'Đơn', 79000, 3, '2024-11-10 12:02:15', 3, '2024-11-10 12:02:15', 1),
(67, 'B4', 3, 'Đơn', 79000, 3, '2024-11-10 12:02:15', 3, '2024-11-10 12:02:15', 1),
(68, 'B5', 3, 'Đơn', 79000, 3, '2024-11-10 12:02:15', 3, '2024-11-10 12:02:15', 1),
(69, 'B6', 3, 'Đơn', 79000, 3, '2024-11-10 12:02:15', 3, '2024-11-10 12:02:15', 1),
(70, 'B7', 3, 'Đơn', 79000, 3, '2024-11-10 12:02:15', 3, '2024-11-10 12:02:15', 1),
(71, 'B8', 3, 'Đơn', 79000, 3, '2024-11-10 12:02:15', 3, '2024-11-10 12:02:15', 1),
(72, 'B9', 3, 'Đơn', 79000, 3, '2024-11-10 12:02:15', 3, '2024-11-10 12:02:15', 1),
(73, 'B10', 3, 'Đơn', 79000, 3, '2024-11-10 12:02:15', 3, '2024-11-10 12:02:15', 1),
(74, 'C1', 3, 'VIP', 150000, 3, '2024-11-10 12:02:23', 3, '2024-11-10 12:02:23', 1),
(75, 'C2', 3, 'VIP', 150000, 3, '2024-11-10 12:02:23', 3, '2024-11-10 12:02:23', 1),
(76, 'C3', 3, 'VIP', 150000, 3, '2024-11-10 12:02:23', 3, '2024-11-10 12:02:23', 1),
(77, 'C4', 3, 'VIP', 150000, 3, '2024-11-10 12:02:23', 3, '2024-11-10 12:02:23', 1),
(78, 'C5', 3, 'VIP', 150000, 3, '2024-11-10 12:02:23', 3, '2024-11-10 12:02:23', 1),
(79, 'C6', 3, 'VIP', 150000, 3, '2024-11-10 12:02:23', 3, '2024-11-10 12:02:23', 1),
(80, 'C7', 3, 'VIP', 150000, 3, '2024-11-10 12:02:23', 3, '2024-11-10 12:02:23', 1),
(81, 'C8', 3, 'VIP', 150000, 3, '2024-11-10 12:02:23', 3, '2024-11-10 12:02:23', 1),
(82, 'C9', 3, 'VIP', 150000, 3, '2024-11-10 12:02:23', 3, '2024-11-10 12:02:23', 1),
(83, 'C10', 3, 'VIP', 150000, 3, '2024-11-10 12:02:23', 3, '2024-11-10 12:02:23', 1),
(84, 'D1', 3, 'VIP', 150000, 3, '2024-11-10 12:02:30', 3, '2024-11-10 12:02:30', 1),
(85, 'D2', 3, 'VIP', 150000, 3, '2024-11-10 12:02:30', 3, '2024-11-10 12:02:30', 1),
(86, 'D3', 3, 'VIP', 150000, 3, '2024-11-10 12:02:30', 3, '2024-11-10 12:02:30', 1),
(87, 'D4', 3, 'VIP', 150000, 3, '2024-11-10 12:02:30', 3, '2024-11-10 12:02:30', 1),
(88, 'D5', 3, 'VIP', 150000, 3, '2024-11-10 12:02:30', 3, '2024-11-10 12:02:30', 1),
(89, 'D6', 3, 'VIP', 150000, 3, '2024-11-10 12:02:30', 3, '2024-11-10 12:02:30', 1),
(90, 'D7', 3, 'VIP', 150000, 3, '2024-11-10 12:02:30', 3, '2024-11-10 12:02:30', 1),
(91, 'D8', 3, 'VIP', 150000, 3, '2024-11-10 12:02:30', 3, '2024-11-10 12:02:30', 1),
(92, 'D9', 3, 'VIP', 150000, 3, '2024-11-10 12:02:30', 3, '2024-11-10 12:02:30', 1),
(93, 'D10', 3, 'VIP', 150000, 3, '2024-11-10 12:02:30', 3, '2024-11-10 12:02:30', 1),
(94, 'E1', 3, 'Đôi', 180000, 3, '2024-11-10 12:02:39', 3, '2024-11-10 12:02:39', 1),
(95, 'E2', 3, 'Đôi', 180000, 3, '2024-11-10 12:02:39', 3, '2024-11-10 12:02:39', 1),
(96, 'E3', 3, 'Đôi', 180000, 3, '2024-11-10 12:02:39', 3, '2024-11-10 12:02:39', 1),
(97, 'E4', 3, 'Đôi', 180000, 3, '2024-11-10 12:02:39', 3, '2024-11-10 12:02:39', 1),
(98, 'E5', 3, 'Đôi', 180000, 3, '2024-11-10 12:02:39', 3, '2024-11-10 12:02:39', 1),
(99, 'E6', 3, 'Đôi', 180000, 3, '2024-11-10 12:02:39', 3, '2024-11-10 12:02:39', 1),
(100, 'E7', 3, 'Đôi', 180000, 3, '2024-11-10 12:02:39', 3, '2024-11-10 12:02:39', 1),
(101, 'E8', 3, 'Đôi', 180000, 3, '2024-11-10 12:02:39', 3, '2024-11-10 12:02:39', 1),
(102, 'E9', 3, 'Đôi', 180000, 3, '2024-11-10 12:02:39', 3, '2024-11-10 12:02:39', 1),
(103, 'E10', 3, 'Đôi', 180000, 3, '2024-11-10 12:02:39', 3, '2024-11-10 12:02:39', 1),
(104, 'A1', 4, 'Đơn', 79000, 3, '2024-11-15 10:36:35', 3, '2024-11-15 10:36:35', 1),
(105, 'A2', 4, 'Đơn', 79000, 3, '2024-11-15 10:36:35', 3, '2024-11-15 10:36:35', 1),
(106, 'A3', 4, 'Đơn', 79000, 3, '2024-11-15 10:36:35', 3, '2024-11-15 10:36:35', 1),
(107, 'A4', 4, 'Đơn', 79000, 3, '2024-11-15 10:36:35', 3, '2024-11-15 10:36:35', 1),
(108, 'A5', 4, 'Đơn', 79000, 3, '2024-11-15 10:36:36', 3, '2024-11-15 10:36:36', 1),
(109, 'A6', 4, 'Đơn', 79000, 3, '2024-11-15 10:36:36', 3, '2024-11-15 10:36:36', 1),
(110, 'B1', 4, 'Đơn', 79000, 3, '2024-11-15 10:36:59', 3, '2024-11-15 10:36:59', 1),
(111, 'B2', 4, 'Đơn', 79000, 3, '2024-11-15 10:36:59', 3, '2024-11-15 10:36:59', 1),
(112, 'B3', 4, 'Đơn', 79000, 3, '2024-11-15 10:36:59', 3, '2024-11-15 10:36:59', 1),
(113, 'B4', 4, 'Đơn', 79000, 3, '2024-11-15 10:36:59', 3, '2024-11-15 10:36:59', 1),
(114, 'B5', 4, 'Đơn', 79000, 3, '2024-11-15 10:36:59', 3, '2024-11-15 10:36:59', 1),
(115, 'B6', 4, 'Đơn', 79000, 3, '2024-11-15 10:36:59', 3, '2024-11-15 10:36:59', 1),
(116, 'B7', 4, 'Đơn', 79000, 3, '2024-11-15 10:36:59', 3, '2024-11-15 10:36:59', 1),
(117, 'B8', 4, 'Đơn', 79000, 3, '2024-11-15 10:36:59', 3, '2024-11-15 10:36:59', 1),
(118, 'B9', 4, 'Đơn', 79000, 3, '2024-11-15 10:37:00', 3, '2024-11-15 10:37:00', 1),
(119, 'B10', 4, 'Đơn', 79000, 3, '2024-11-15 10:37:00', 3, '2024-11-15 10:37:00', 1),
(120, 'C1', 4, 'VIP', 150000, 3, '2024-11-15 10:37:23', 3, '2024-11-15 10:37:23', 1),
(121, 'C2', 4, 'VIP', 150000, 3, '2024-11-15 10:37:23', 3, '2024-11-15 10:37:23', 1),
(122, 'C3', 4, 'VIP', 150000, 3, '2024-11-15 10:37:23', 3, '2024-11-15 10:37:23', 1),
(123, 'C4', 4, 'VIP', 150000, 3, '2024-11-15 10:37:23', 3, '2024-11-15 10:37:23', 1),
(124, 'C5', 4, 'VIP', 150000, 3, '2024-11-15 10:37:23', 3, '2024-11-15 10:37:23', 1),
(125, 'C6', 4, 'VIP', 150000, 3, '2024-11-15 10:37:23', 3, '2024-11-15 10:37:23', 1),
(126, 'D1', 4, 'VIP', 150000, 3, '2024-11-15 10:38:02', 3, '2024-11-15 10:38:02', 1),
(127, 'D2', 4, 'VIP', 150000, 3, '2024-11-15 10:38:02', 3, '2024-11-15 10:38:02', 1),
(128, 'D3', 4, 'VIP', 150000, 3, '2024-11-15 10:38:03', 3, '2024-11-15 10:38:03', 1),
(129, 'D4', 4, 'VIP', 150000, 3, '2024-11-15 10:38:03', 3, '2024-11-15 10:38:03', 1),
(130, 'D5', 4, 'VIP', 150000, 3, '2024-11-15 10:38:03', 3, '2024-11-15 10:38:03', 1),
(131, 'D6', 4, 'VIP', 150000, 3, '2024-11-15 10:38:03', 3, '2024-11-15 10:38:03', 1),
(132, 'D7', 4, 'VIP', 150000, 3, '2024-11-15 10:38:03', 3, '2024-11-15 10:38:03', 1),
(133, 'D8', 4, 'VIP', 150000, 3, '2024-11-15 10:38:03', 3, '2024-11-15 10:38:03', 1),
(134, 'D9', 4, 'VIP', 150000, 3, '2024-11-15 10:38:03', 3, '2024-11-15 10:38:03', 1),
(135, 'D10', 4, 'VIP', 150000, 3, '2024-11-15 10:38:03', 3, '2024-11-15 10:38:03', 1),
(136, 'E1', 4, 'Đôi', 180000, 3, '2024-11-15 10:38:21', 3, '2024-11-15 10:38:21', 1),
(137, 'E2', 4, 'Đôi', 180000, 3, '2024-11-15 10:38:21', 3, '2024-11-15 10:38:21', 1),
(138, 'E3', 4, 'Đôi', 180000, 3, '2024-11-15 10:38:21', 3, '2024-11-15 10:38:21', 1),
(139, 'E4', 4, 'Đôi', 180000, 3, '2024-11-15 10:38:21', 3, '2024-11-15 10:38:21', 1),
(140, 'E5', 4, 'Đôi', 180000, 3, '2024-11-15 10:38:21', 3, '2024-11-15 10:38:21', 1),
(141, 'E6', 4, 'Đôi', 180000, 3, '2024-11-15 10:38:22', 3, '2024-11-15 10:38:22', 1),
(142, 'E7', 4, 'Đôi', 180000, 3, '2024-11-15 10:38:22', 3, '2024-11-15 10:38:22', 1),
(143, 'E8', 4, 'Đôi', 180000, 3, '2024-11-15 10:38:22', 3, '2024-11-15 10:38:22', 1),
(144, 'F1', 4, 'Đôi', 180000, 3, '2024-11-15 10:38:45', 3, '2024-11-15 10:38:45', 1),
(145, 'F2', 4, 'Đôi', 180000, 3, '2024-11-15 10:38:45', 3, '2024-11-15 10:38:45', 1),
(146, 'F3', 4, 'Đôi', 180000, 3, '2024-11-15 10:38:45', 3, '2024-11-15 10:38:45', 1),
(147, 'F4', 4, 'Đôi', 180000, 3, '2024-11-15 10:38:45', 3, '2024-11-15 10:38:45', 1),
(148, 'F5', 4, 'Đôi', 180000, 3, '2024-11-15 10:38:46', 3, '2024-11-15 10:38:46', 1),
(149, 'F6', 4, 'Đôi', 180000, 3, '2024-11-15 10:38:46', 3, '2024-11-15 10:38:46', 1),
(150, 'F7', 4, 'Đôi', 180000, 3, '2024-11-15 10:38:46', 3, '2024-11-15 10:38:46', 1),
(151, 'F8', 4, 'Đôi', 180000, 3, '2024-11-15 10:38:46', 3, '2024-11-15 10:38:46', 1),
(152, 'F9', 4, 'Đôi', 180000, 3, '2024-11-15 10:38:46', 3, '2024-11-15 10:38:46', 1),
(153, 'F10', 4, 'Đôi', 180000, 3, '2024-11-15 10:38:46', 3, '2024-11-15 10:38:46', 1);

-- --------------------------------------------------------

--
-- Cấu trúc bảng cho bảng `hoadon`
--

CREATE TABLE `hoadon` (
  `MaHD` int(11) NOT NULL,
  `MaND` int(11) NOT NULL,
  `NgayLapHD` datetime NOT NULL,
  `TongTien` int(11) DEFAULT NULL,
  `NguoiTao` int(11) NOT NULL,
  `NgayTao` datetime NOT NULL,
  `NguoiCapNhat` int(11) DEFAULT NULL,
  `NgayCapNhat` datetime DEFAULT NULL,
  `TrangThai` tinyint(1) DEFAULT NULL
) ENGINE=InnoDB DEFAULT CHARSET=utf8 COLLATE=utf8_general_ci;

--
-- Đang đổ dữ liệu cho bảng `hoadon`
--

INSERT INTO `hoadon` (`MaHD`, `MaND`, `NgayLapHD`, `TongTien`, `NguoiTao`, `NgayTao`, `NguoiCapNhat`, `NgayCapNhat`, `TrangThai`) VALUES
(31, 5, '2023-11-22 12:54:31', 1500000, 5, '2024-11-14 12:54:31', 5, '2024-11-14 12:54:31', 1),
(32, 5, '2023-11-15 12:55:31', 1110000, 5, '2024-11-14 12:55:31', 5, '2024-11-14 12:55:31', 1),
(33, 5, '2024-10-24 12:57:49', 316000, 5, '2024-11-14 12:57:49', 5, '2024-11-14 12:57:49', 1),
(34, 10, '2023-11-15 10:34:28', 1178000, 10, '2024-11-15 10:34:28', 10, '2024-11-15 10:34:28', 1),
(35, 10, '2024-11-15 10:34:53', 158000, 10, '2024-11-15 10:34:53', 10, '2024-11-15 10:34:53', 1),
(36, 10, '2024-11-15 10:38:59', 1178000, 10, '2024-11-15 10:38:59', 10, '2024-11-15 10:38:59', 1),
(37, 10, '2023-11-08 10:40:34', 5882080, 10, '2024-11-15 10:40:34', 10, '2024-11-15 10:40:34', 1),
(38, 10, '2024-11-15 10:41:01', 627000, 10, '2024-11-15 10:41:01', 10, '2024-11-15 10:41:01', 1),
(39, 5, '2024-11-15 10:42:12', 2009840, 5, '2024-11-15 10:42:12', 5, '2024-11-15 10:42:12', 1),
(40, 5, '2024-11-15 10:49:37', 1200800, 5, '2024-11-15 10:49:37', 5, '2024-11-15 10:49:37', 1),
(41, 11, '2023-11-23 10:50:41', 1800000, 11, '2024-11-15 10:50:41', 11, '2024-11-15 10:50:41', 1),
(42, 11, '2024-11-15 10:51:04', 1200000, 11, '2024-11-15 10:51:04', 11, '2024-11-15 10:51:04', 1),
(43, 13, '2024-11-15 16:28:33', 1110000, 13, '2024-11-15 16:28:33', 13, '2024-11-15 16:28:33', 1),
(44, 13, '2024-11-15 16:35:55', 826000, 13, '2024-11-15 16:35:55', 13, '2024-11-15 16:35:55', 1),
(45, 13, '2024-11-15 16:36:14', 300000, 13, '2024-11-15 16:36:14', 13, '2024-11-15 16:36:14', 1),
(46, 5, '2024-11-16 08:51:51', 285000, 5, '2024-11-16 08:51:51', 5, '2024-11-16 08:51:51', 1),
(47, 13, '2024-01-17 09:36:34', 1500000, 1, '2024-11-16 03:36:34', NULL, NULL, 1),
(49, 5, '2024-03-15 09:38:27', 2800000, 1, '2024-03-15 09:38:27', NULL, NULL, 1),
(50, 8, '2024-04-18 09:39:46', 1200000, 1, '2024-11-16 03:39:46', NULL, NULL, 1),
(51, 5, '2024-05-29 09:40:12', 7200000, 1, '2024-11-16 03:40:12', NULL, NULL, 1),
(52, 12, '2024-05-23 09:40:55', 4000000, 1, '2024-11-16 03:40:54', NULL, NULL, 1),
(53, 16, '2024-11-16 18:11:40', 810000, 16, '2024-11-16 18:11:40', 16, '2024-11-16 18:11:40', 1);

-- --------------------------------------------------------

--
-- Cấu trúc bảng cho bảng `menu`
--

CREATE TABLE `menu` (
  `Id` int(11) NOT NULL,
  `TenMenu` varchar(255) NOT NULL,
  `TableId` int(11) DEFAULT NULL,
  `KieuMenu` varchar(255) DEFAULT NULL,
  `ViTri` varchar(255) DEFAULT NULL,
  `LienKet` varchar(255) DEFAULT NULL,
  `Order` int(11) DEFAULT NULL,
  `NguoiTao` int(11) NOT NULL,
  `NgayTao` datetime NOT NULL,
  `NguoiCapNhat` int(11) DEFAULT NULL,
  `NgayCapNhat` datetime DEFAULT NULL,
  `TrangThai` tinyint(1) NOT NULL
) ENGINE=InnoDB DEFAULT CHARSET=utf8 COLLATE=utf8_general_ci;

--
-- Đang đổ dữ liệu cho bảng `menu`
--

INSERT INTO `menu` (`Id`, `TenMenu`, `TableId`, `KieuMenu`, `ViTri`, `LienKet`, `Order`, `NguoiTao`, `NgayTao`, `NguoiCapNhat`, `NgayCapNhat`, `TrangThai`) VALUES
(10, 'Phim', NULL, 'Custom', 'header', '', 2, 1, '2024-11-06 11:51:31', 1, '2024-11-06 11:51:32', 1),
(11, 'Góc điện ảnh', NULL, 'Custom', 'header', 'views/list-content-all.php', 3, 1, '2024-11-10 08:55:58', 1, '2024-11-10 08:56:03', 1),
(12, 'Liên hệ', NULL, 'Custom', 'header', 'contact.php', 4, 1, '2024-11-10 08:56:19', 1, '2024-11-10 08:56:20', 1),
(13, 'Trang chủ', NULL, 'Custom', 'header', 'index.php', 1, 1, '2024-11-10 09:06:18', 1, '2024-11-10 09:06:19', 1);

-- --------------------------------------------------------

--
-- Cấu trúc bảng cho bảng `nguoidung`
--

CREATE TABLE `nguoidung` (
  `MaND` int(11) NOT NULL,
  `TenND` varchar(255) NOT NULL,
  `NgaySinh` date DEFAULT NULL,
  `GioiTinh` tinyint(1) DEFAULT NULL,
  `SDT` varchar(10) DEFAULT NULL,
  `Anh` varchar(255) DEFAULT NULL,
  `Email` varchar(255) DEFAULT NULL,
  `NguoiTao` int(11) NOT NULL,
  `NgayTao` datetime NOT NULL,
  `NguoiCapNhat` int(11) DEFAULT NULL,
  `NgayCapNhat` datetime DEFAULT NULL,
  `TrangThai` tinyint(1) NOT NULL
) ENGINE=InnoDB DEFAULT CHARSET=utf8 COLLATE=utf8_general_ci;

--
-- Đang đổ dữ liệu cho bảng `nguoidung`
--

INSERT INTO `nguoidung` (`MaND`, `TenND`, `NgaySinh`, `GioiTinh`, `SDT`, `Anh`, `Email`, `NguoiTao`, `NgayTao`, `NguoiCapNhat`, `NgayCapNhat`, `TrangThai`) VALUES
(3, 'Admin', '2003-08-03', 1, '0562053089', '3.gif', 'admin@gmail.com', 1, '2024-11-10 08:46:21', 3, '2024-11-13 12:09:14', 1),
(5, 'Nguyễn Thiết Duy Đan', '2003-11-04', 1, '089****312', 'user_6734d65a3d96d.gif', 'dn135897@gmail.com', 0, '2024-11-10 09:52:56', 5, '2024-11-13 23:39:54', 1),
(8, 'duydan', '0000-00-00', 0, '0898394312', 'user_6734b17c5e557.gif', '', 0, '2024-11-13 14:23:47', 8, '2024-11-13 21:10:44', 1),
(10, 'Trần Duy Phát', NULL, NULL, NULL, NULL, NULL, 0, '2024-11-14 13:51:42', 0, '2024-11-14 13:51:42', 1),
(11, 'Lữ Vũ Phúc', NULL, NULL, NULL, NULL, NULL, 0, '2024-11-14 13:53:33', 0, '2024-11-14 13:53:33', 1),
(12, 'Phát Duy', NULL, NULL, NULL, NULL, 'duyphat2810@gmail.com', 0, '2024-11-15 15:51:43', 0, '2024-11-15 15:51:43', 1),
(13, 'Thiết Duy Đan Nguyễn', '2019-04-24', 1, '0898394312', 'user_6737144f892aa.gif', 'dn197@gmail.com', 0, '2024-11-15 16:12:22', 3, '2024-11-22 21:15:45', 1),
(15, 'Nhân Viên', '2019-10-31', 0, '', 'nhanvien.gif', 'nhanvien123@gmail.com', 3, '2024-11-16 13:23:14', 3, '2024-11-16 13:23:14', 1),
(16, 'Nguyen Dan', NULL, NULL, NULL, 'user_67387ddec89c7.gif', 'duydan.cv@gmail.com', 0, '2024-11-16 13:42:29', 16, '2024-11-16 18:11:26', 1),
(17, 'Nguyễn Thiết Duy Đan', NULL, NULL, NULL, NULL, 'dan.ntd.63cntt@ntu.edu.vn', 0, '2024-11-16 18:10:45', 0, '2024-11-16 18:10:45', 1);

--
-- Bẫy `nguoidung`
--
DELIMITER $$
CREATE TRIGGER `after_delete_nguoidung` AFTER DELETE ON `nguoidung` FOR EACH ROW BEGIN
    DELETE FROM TaiKhoan
    WHERE maND = OLD.maND;
END
$$
DELIMITER ;

-- --------------------------------------------------------

--
-- Cấu trúc bảng cho bảng `phim`
--

CREATE TABLE `phim` (
  `MaPhim` int(11) NOT NULL,
  `TenPhim` varchar(255) NOT NULL,
  `TenRutGon` varchar(255) DEFAULT NULL,
  `ThoiLuong` int(3) NOT NULL,
  `Anh` varchar(255) DEFAULT NULL,
  `Banner` varchar(255) DEFAULT NULL,
  `DaoDien` varchar(255) NOT NULL,
  `DienVien` varchar(255) NOT NULL,
  `QuocGia` varchar(255) NOT NULL,
  `NamPhatHanh` int(4) NOT NULL,
  `PhanLoai` text NOT NULL,
  `MoTa` text NOT NULL,
  `NguoiTao` int(11) NOT NULL,
  `NgayTao` datetime NOT NULL,
  `NguoiCapNhat` int(11) DEFAULT NULL,
  `NgayCapNhat` datetime DEFAULT NULL,
  `TrangThai` tinyint(1) NOT NULL
) ENGINE=InnoDB DEFAULT CHARSET=utf8 COLLATE=utf8_general_ci;

--
-- Đang đổ dữ liệu cho bảng `phim`
--

INSERT INTO `phim` (`MaPhim`, `TenPhim`, `TenRutGon`, `ThoiLuong`, `Anh`, `Banner`, `DaoDien`, `DienVien`, `QuocGia`, `NamPhatHanh`, `PhanLoai`, `MoTa`, `NguoiTao`, `NgayTao`, `NguoiCapNhat`, `NgayCapNhat`, `TrangThai`) VALUES
(28, 'Thiên Đường Quả Báo', 'thien-duong-qua-bao', 109, 'film_673065b8319b0.jpg', 'film_673065b8319b0-2024.jpg', 'Boss Kuno', 'Jeff Satur, Engfa Waraha, Srida Puapimol', 'Thái Lan', 2024, 'T18', 'Thongkam (Jeff Satur) và Sek (Pongsakorn) làm lụng vất vả, cày ngày cày đêm để xây dựng một mái ấm. Sau bao nỗ lực, cuối cùng họ cũng có quyền sở hữu trang trại sầu riêng ở Mae Hong Son. Tuy nhiên, bi kịch bỗng ập tới khi Sek đột ngột qua đời trong một vụ tai nạn vào thời điểm họ chưa kịp đăng ký kết hôn. Chính điều này đã khiến Thongkam không có quyền sở hữu tài sản mà 2 người đã cùng gây dựng. Ngôi nhà và đất đai bao gồm vườn sầu riêng đương nhiên thuộc về mẹ của Sek, người sẽ chuyển đến sống cùng con gái nuôi Mo (Engfa) và người làm vườn Jingna. Thongkam giờ phải đấu tranh để giành lại thành quả của tình yêu và công sức lao động của mình. Liệu giữa Thongkam và Mo, ai sẽ giành được quyền thừa kế , trở thành chủ vựa sầu riêng?ssss\r\n\r\nXem thêm tại: https://www.galaxycine.vn/dat-ve/the-paradise-of-thorns/', 0, '2024-11-06 17:57:14', 3, '2024-11-22 20:06:01', 1),
(29, 'Venom: Kèo Cuối', 'venom:-keo-cuoi', 109, 'film_67306c2a953e2.jpg', 'film_67306c2a953e2-2024.jpg', 'Boss Kuno', 'Tom Hardy, Juno Temple, Chiwetel Ejiofor', 'Âu Mỹ', 2024, 'T13', 'Sau chuyến du lịch ngắn sang quê nhà của Spider-Man: No Way Home (2021), Eddie Brock (Tom Hardy) giờ đây cùng Venom “hành hiệp trượng nghĩa” và “nhai đầu” hết đám tội phạm trong thành phố. Tuy nhiên, đi đêm lắm cũng có ngày gặp ma, chính phủ Mỹ đã phát hiện ra sự tồn tại của con quái vật ngoài hành tinh này. Anh chàng buộc phải trở thành kẻ đào tẩu, liên tục trốn chạy khỏi những cuộc truy quét liên tục. Thế nhưng, đây chưa phải là rắc rối lớn nhất… Những con quái vật gớm ghiếc bất ngờ xuất hiện tại nhiều nơi. Hành tinh của chủng tộc Symbiote đã phát hiện ra Trái Đất và chuẩn bị cho cuộc xâm lăng tổng lực.  Phim mới Venom: The Last Dance / Venom: Kèo Cuối suất chiếu sớm 23-24.10.2024 (Không áp dụng Movie Voucher), dự kiến khởi chiếu 25.10.2024 tại các rạp chiếu phim toàn quốc.\r\n\r\nXem thêm tại: https://www.galaxycine.vn/dat-ve/venom-the-last-dance/', 0, '2024-11-06 18:18:01', 3, '2024-11-10 15:17:46', 1),
(30, 'Red One: Mật Mã Đỏ', 'red-one:-mat-ma-do', 123, 'film_67306c60ef2ee.jpg', 'film_67306c60ef2ee-2024.jpg', 'Jaken Kasdan', 'Dwayne Johnson, Chris Evans, Lucy Liu, J.K. Simmons', 'Âu Mỹ', 2024, 'T13', 'Sau khi Ông già Noel (mật danh: Red One) bị bắt cóc, Trưởng An ninh Bắc Cực (Dwayne Johnson) phải hợp tác với thợ săn tiền thưởng khét tiếng nhất thế giới (Chris Evans) trong một nhiệm vụ kịch tính xuyên lục địa để giải cứu Giáng Sinh. Phim mới Red One / Red One: Mật Mã Đỏ suất chiếu sớm từ 7.11 (Không áp dụng movie voucher), dự kiến khởi chiếu 08.11.2024 tại các rạp chiếu phim toàn quốc. Cùng đặt lịch xem Red One / Mật Mã Đỏ\r\n\r\nXem thêm tại: https://www.galaxycine.vn/dat-ve/red-one/', 3, '2024-11-10 09:13:40', 3, '2024-11-10 15:18:40', 1),
(31, 'Linh Miêu: Quỷ Nhập Tràng', 'linh-mieu:-quy-nhap-trang', 109, 'film_67306c6c98c50.jpg', 'film_67306c6c98c50-2024.jpg', 'Lưu Thành Luân', 'Hồng Đào, Nguyễn Thúc Thùy Tiên, Thiên An', 'Việt Nam', 2024, 'T18', 'Linh Miêu: Quỷ Nhập Tràng lấy cảm hứng từ truyền thuyết dân gian về “quỷ nhập tràng” để xây dựng cốt truyện. Phim lồng ghép những nét văn hóa đặc trưng của Huế như nghệ thuật khảm sành - một văn hóa đặc sắc của thời nhà Nguyễn, đề cập đến các vấn đề về giai cấp và quan điểm trọng nam khinh nữ. Đặc biệt, hình ảnh rước kiệu thây ma và những hình nhân giấy không chỉ biểu trưng cho tai ương hay điềm dữ mà còn là hiện thân của nghiệp quả. Phim mới Linh Miêu: Quỷ Nhập Tràng có suất chiếu đặc biệt vào 19-21.11.2024 (không áp dụng movie voucher) và khởi chiếu chính thức 22.11.2024 tại các rạp chiếu phim toàn quốc. Đặt vé Linh Miêu: Quỷ Nhập Tràng ngay nha.\r\n\r\nXem thêm tại: https://www.galaxycine.vn/dat-ve/linh-mieu-quy-nhap-trang/', 3, '2024-11-10 09:22:04', 3, '2024-11-10 15:18:52', 1),
(32, 'Học Viện Anh Hùng: You\'re Next', 'học-viẹn-anh-hùng:-you-re-next', 110, 'film_6735940867350.jpg', 'film_6735940867350-2024.jpg', 'Okamura Tensai', 'Gerard Caster, Van Barr, Jr. Nasim Benelkour', 'Nhật Bản', 2024, 'P', 'Nội Dung Phim My Hero Academia: You\'re Next chuyển thể từ bộ truyện tranh ăn khách My Hero Academia Vào mùa xuân năm thứ hai, trong khi Nhật Bản đang bị tàn phá bởi các cuộc chiến, một người đàn ông bí ẩn bất ngờ xuất hiện có tên là Dark Might. Đối mặt với Deku và những người bạn, hắn tự xưng mình là biểu tượng mới thay thế All Might với tuyên bố hùng hồn: \"Tiếp theo là đến lượt ta!\". Với dã tâm của mình, Dark Might sử dụng năng lực để tạo ra một pháo đài khổng lồ và nhốt người dân cùng anh hùng vào đó.  Deku, Bakugo, Todoroki cùng lớp 1-A của trường U.A. dũng cảm đối đầu với Dark Might và tổ chức tội phạm bí ẩn do hắn cầm đầu, mang tên \"Gia đình Gollini\". Liệu họ có thể ngăn chặn tham vọng của biểu tượng mới Dark Might và bảo vệ thế giới? Phim mới My Hero Academia: You\'re Next / Học Viện Anh Hùng: You\'re Next dự kiến ra mắt tại các rạp chiếu phim toàn quốc từ 08.11.2024.\r\n\r\nXem thêm tại: https://www.galaxycine.vn/dat-ve/my-hero-academia-youre-next/', 3, '2024-11-14 13:09:12', 3, '2024-11-14 13:09:12', 1),
(33, 'Ai Oán Trong Vườn Xuân', 'ai-oan-trong-vuon-xuan', 91, 'film_6735951c4a220.jpg', 'film_6735951c4a220-2024.jpg', 'Ku Born', 'Jo Yun Hie, Heo Dong Won, Kim Joo Ryung', 'Hàn Quốc', 2024, 'T18', 'Trong văn hóa đại chúng hiện đại tại Hàn Quốc, có ba địa điểm nổi tiếng với rất nhiều giai thoại ma ám bí ấn được truyền miệng, bao gồm bệnh viện Gonjiam, ngôi nhà ma Yeungdeok và nhà hàng Vườn Xuân. Sau khi đã đưa Bệnh viện Gonjiam lên màn ảnh cực kỳ thành công, giờ đây, Vườn Xuân với câu chuyện về những cái chết bí ẩn đầy ám ảnh hứa hẹn cũng sẽ kích thích sự tò mò và cả lòng can đảm của khán giả tới tận cùng.  Với Ai Oán Trong Vườn Xuân, nguyên nhân của những vụ án ma ám sẽ được hé mở dưới góc nhìn của đạo diễn Goo Tae Jin. Nhân vật chính của bộ phim là So Hee, một người phụ nữ trẻ vừa trải qua nỗi đau mất chồng khi anh tự sát bằng cách treo cổ ngay trong phòng ngủ của cả hai. Không chỉ thế, cô còn mất đi đứa con đang trong bụng ngay trong đám tang của chồng mình.  Cho dù người thân khuyên nhủ, So Hee vẫn quyết định sẽ sống một mình tại ngôi nhà xinh xắn mà hai vợ chồng ấp ủ biết bao kỳ vọng, tâm huyết. Thế nhưng, cô không ngờ rằng nơi tưởng chừng là tổ ấm yên bình cho cả gia đình, hóa ra lại ẩn chứa những bí mật kinh hoàng, và cái chết của chồng cô chỉ là khởi đầu cho hàng loạt sự kiện ghê rợn sau đó. Phim mới Spring Garden / Ai Oán Trong Vườn Xuân dự kiến ra mắt tại các rạp chiếu phim toàn quốc từ 08.11.2024.', 3, '2024-11-14 13:13:48', 3, '2024-11-14 13:13:48', 1),
(34, 'Robot Hoang Dã', 'robot-hoang-da', 109, 'film_673595da3c291.jpg', 'film_673595da3c291-2024.jpg', 'Chris Sanders', 'Lupita Nyong\'o, Pedro Pascal, Catherine O’hara', 'Âu Mỹ', 2024, 'P', 'Cuộc phiêu lưu hoành tráng theo chân hành trình của một robot — đơn vị ROZZUM 7134, gọi tắt là Roz. Roz vô tình dạt vào hoang đảo sau một sự cố và nơi đây trở thành địa điểm sống mới của cô. Tại đây, Roz kết thân và nhận nuôi một chú ngỗng con, đặt tên là Brightbill. Roz và Brightbill dần dần thân thiết với các bạn thú trên đảo, song sau đó phải chống chọi, bảo vệ “nhà mới” trước sự xâm lăng của nhà máy từng sản xuất ra Roz. Phim mới The Wild Robot / Robot Hoang Dã có suất chiếu đặc biệt từ 05 - 06.10.2024 (không áp dụng movie voucher) và khởi chiếu chính thức 11.10.2024 tại các rạp chiếu phim trên toàn quốc. \r\n\r\nXem thêm tại: https://www.galaxycine.vn/dat-ve/the-wild-robot/', 3, '2024-11-14 13:16:58', 3, '2024-11-14 13:16:58', 1),
(35, 'Cô dâu hào môn', 'co-dau-hao-mon', 114, 'film_6735966063d26.jpg', 'film_6735966063d26-2024.jpg', 'Vũ Ngọc Đãng', 'Uyển Ân, Samuel An, Kiều Minh Tuấn, Thu Trang, Lê Giang, NSND Hồng Vân', 'Việt Nam', 2024, 'T18', 'Uyển Ân chính thức lên xe hoa trong thế giới thượng lưu của đạo diễn Vũ Ngọc Đãng qua bộ phim Cô Dâu Hào Môn. Thừa thắng xông lên sau doanh thu trăm tỷ từ Chị Chị Em Em 2, nhà sản xuất Will Vũ và đạo diễn Vũ Ngọc Đãng bắt tay thực hiện dự án Cô Dâu Hào Môn. Bộ phim xoay quanh câu chuyện làm dâu nhà hào môn dưới góc nhìn hài hước và châm biếm, hé lộ những câu chuyện kén dâu chọn rể trong giới thượng lưu. Phối hợp cùng Uyển Ân ở các phân đoạn tình cảm trong bộ phim lần này là diễn viên Samuel An. Anh được đạo diễn Vũ Ngọc Đãng “đo ni đóng giày” cho vai cậu thiếu gia Bảo Hoàng với ngoại hình điển trai, phong cách lịch lãm và gia thế khủng. Cùng góp mặt với Uyển Ân trong bộ phim đình đám lần này là sự xuất hiện của những cái tên bảo chứng phòng vé như: Thu Trang, Kiều Minh Tuấn, Samuel An, Lê Giang, NSND Hồng Vân,... Phim mới Cô Dâu Hào Môn suất chiếu sớm từ 16.10 (Không áp dụng Movie Voucher), dự kiến ra mắt tại các rạp chiếu phim từ 18.10.2024.\r\n\r\nXem thêm tại: https://www.galaxycine.vn/dat-ve/co-dau-hao-mon/', 3, '2024-11-14 13:19:12', 3, '2024-11-14 13:19:12', 1),
(36, 'Chuyến Xe Từ Địa Ngục', 'chuyen-xe-tu-dia-nguc', 0, 'film_673596fb20336.jpg', 'film_673596fb20336-2024.jpg', 'Phasit Panitijaroonrod', 'Nathan Bartling, Piyawat Piyawatcharavijit, Charoensak Prosrichai', 'Thái Lan', 2024, 'T18', 'Câu chuyện về Nick, một người lao động nước ngoài mang nửa dòng máu Thái mongmuốn trở về quê nhà để dành kỳ nghỉ dài bên gia đình. Anh đã dùng số tiền tiết kiệm và tiền thưởng để mua vé xe buýt VIP đến Phatthalung, cùng điểm đến mà anh đi hàng năm. Tuy nhiên, hành trình lần này lại khác biệt. Một bà lão bí ẩn với mùi hôi thối giống như mùi xác chết đã lên xe cùng những hành khách khác. Trong suốt chuyến đi, bà lão không may qua đời nhưng đột nhiên sống dậy và bắt đầu tấn công các hành khách, tạo nên cảnh hỗn loạn trên xe. Liệu họ có sống sót và đến được điểm đến của mình hay không? Phim mới VIP Death Seat / Chuyến Xe Từ Địa Ngục dự kiến ra mắt tại các rạp chiếu phim toàn quốc từ 15.11.2024.\r\n\r\nXem thêm tại: https://www.galaxycine.vn/dat-ve/vip-death-seat/', 3, '2024-11-14 13:21:47', 3, '2024-11-14 13:21:47', 2),
(37, 'Haikyu!!: Trận Chiến Bãi Phế Liệu', 'haikyu!!:-tran-chien-bai-phe-lieu', 85, 'film_673597e28a3e3.jpg', 'film_673597e28a3e3-2024.jpg', 'Mitsunaka Susumu', 'Nakamura Yuichi, Kaji Yuuki, Murase Ayumu', 'Nhật Bản', 2024, 'P', 'Haikyuu!! The Dumpster Battle/ Haikyu!!: Trận Chiến Bãi Phế Liệu chuyển thể từ một trong những manga bóng chuyền xuất sắc nhất mọi thời đại! Trường trung học Karasuno và trường trung học Nekoma chính thức đối đầu lần đầu trong vòng thứ ba của Giải vô địch quốc gia mùa xuân. Điều đó có nghĩa là giấc mơ lâu đời của Karasuno và Nekoma đã thành hiện thực! Trận chiến thùng rác, trận chiến giữa quạ và mèo rừng sắp bắt đầu. Sau nhiều trận đấu tập trong năm qua, Shoyo Hinata và Kenma Kozume cuối cùng cũng có cơ hội đấu với nhau trong một trận đấu sẽ kết thúc ngay lập tức nếu họ thua và không thể chơi lại.\r\n\r\nXem thêm tại: https://www.galaxycine.vn/dat-ve/haikyuu-the-dumpster-battle/', 3, '2024-11-14 13:25:38', 3, '2024-11-14 13:25:38', 2),
(38, 'Đôi Bạn Học Yêu', 'doi-ban-hoc-yeu', 118, 'film_673598a88cf7a.jpg', 'film_673598a88cf7a-2024.jpg', 'E.Oni', 'Kim Go Eun, Steve Sanghyun Noh', 'Hàn Quốc', 2024, 'T18', 'Đôi Bạn Học Yêu là bộ phim kể về Jae-hee (Kim Go-eun) - một cô gái tự do, phóng khoáng, không quan tâm người khác nghĩ gì về mình và Heung-soo - một chàng trai tự cô lập mình ra khỏi thế giới bởi một bí mật không thể tiết lộ. Khi Jae-hee tình cờ phát hiện ra điều thầm kín của Heung-soo, cả hai đã hình thành nên một mối quan hệ không tưởng với cuộc sống chung đầy màu sắc. Phim mới Love In The Big City / Đôi Bạn Học Yêu suất chiếu sớm từ 07.11.2024 (Không áp dụng Movie Voucher), dự kiến ra mắt tại các rạp chiếu phim toàn quốc từ 08.11.2024.\r\n\r\nXem thêm tại: https://www.galaxycine.vn/dat-ve/love-in-the-big-city/', 3, '2024-11-14 13:28:56', 3, '2024-11-14 13:28:56', 1),
(39, 'Kẻ đóng thế', 'ke-dong-the', 114, 'film_673599c1436d9.jpg', 'film_673599c1436d9-2024.jpg', 'Lương Quán Thuấn, Lương Quán Nghiêu', 'Lưu Tuấn Khiêm, Đổng Vĩ, Ngũ Doãn Long, Thái Tư Vận', 'Hồng Kông', 2024, 'T13', 'Một đạo diễn đóng thế hết thời đang vật lộn để tìm lối đi trong ngành công nghiệp điện ảnh nhiều biến động. Ông đánh cược tất cả để tạo nên màn tái xuất cuối cùng, đồng thời cố gắng hàn gắn mối quan hệ với cô con gái xa cách của mình. Phim mới Stuntman / Kẻ Đóng Thế dự kiến ra mắt tại các rạp chiếu phim toàn quốc từ 15.11.2024.\r\n\r\nXem thêm tại: https://www.galaxycine.vn/dat-ve/stuntman/', 3, '2024-11-14 13:33:37', 3, '2024-11-14 13:33:37', 2),
(40, 'Kỳ Án Trên Đồi Tuyết', 'ky-an-tren-doi-tuyet', 151, 'film_67359aab2827a.png', 'film_67359aab2827a-2024.jpg', 'Justine Triet', 'Sandra Hüller, Swann Arlaud, Milo Machado-Graner', 'Pháp', 2024, 'T16', 'Cuộc sống của nhà văn Sandra cùng chồng Samuel và cậu con trai mù Daniel ở căn nhà gỗ hẻo lánh trên dãy Alps bất ngờ bị xáo trộn khi Samuel được tìm thấy đã chết một cách bí ẩn trên tuyết, khiến Sandra trở thành nghi phạm chính và mối quan hệ đầy mâu thuẫn giữa cô và chồng dần được phơi bày trước phiên tòa. Phim hay  Kỳ Án Trên Đồi Tuyết dự kiến trình chiếu tại rạp chiếu phim Galaxy Mipec Long Biên vào 16 & 20.11.2024  \r\n\r\nXem thêm tại: https://www.galaxycine.vn/dat-ve/anatomy-of-a-fall/', 3, '2024-11-14 13:37:31', 3, '2024-11-14 13:37:43', 2);

-- --------------------------------------------------------

--
-- Cấu trúc bảng cho bảng `phong`
--

CREATE TABLE `phong` (
  `MaPhong` int(11) NOT NULL,
  `TenPhong` varchar(255) NOT NULL,
  `NguoiTao` int(11) NOT NULL,
  `NgayTao` datetime NOT NULL,
  `NguoiCapNhat` int(11) DEFAULT NULL,
  `NgayCapNhat` datetime DEFAULT NULL,
  `TrangThai` tinyint(1) DEFAULT NULL
) ENGINE=InnoDB DEFAULT CHARSET=utf8 COLLATE=utf8_general_ci;

--
-- Đang đổ dữ liệu cho bảng `phong`
--

INSERT INTO `phong` (`MaPhong`, `TenPhong`, `NguoiTao`, `NgayTao`, `NguoiCapNhat`, `NgayCapNhat`, `TrangThai`) VALUES
(2, 'Rạp 1', 3, '2024-11-10 09:22:49', 3, '2024-11-10 09:23:11', 1),
(3, 'Rạp 2', 3, '2024-11-10 09:22:53', 3, '2024-11-10 09:23:15', 1),
(4, 'Rạp 3', 3, '2024-11-10 09:22:58', 3, '2024-11-10 09:22:58', 1),
(6, 'Rap 4', 3, '2024-11-21 16:18:18', 3, '2024-11-21 16:18:18', 1);

-- --------------------------------------------------------

--
-- Cấu trúc bảng cho bảng `slider`
--

CREATE TABLE `slider` (
  `Id` int(11) NOT NULL,
  `TenSlider` varchar(255) NOT NULL,
  `URL` varchar(255) DEFAULT NULL,
  `Anh` varchar(255) DEFAULT NULL,
  `SapXep` tinyint(4) DEFAULT NULL,
  `ViTri` varchar(255) NOT NULL,
  `MoTa` varchar(255) NOT NULL,
  `TuKhoa` varchar(255) NOT NULL,
  `TenChuDe` varchar(255) NOT NULL,
  `NguoiTao` int(11) NOT NULL,
  `NgayTao` datetime NOT NULL,
  `NguoiCapNhat` int(11) DEFAULT NULL,
  `NgayCapNhat` datetime DEFAULT NULL,
  `TrangThai` tinyint(1) DEFAULT NULL
) ENGINE=InnoDB DEFAULT CHARSET=utf8 COLLATE=utf8_general_ci;

--
-- Đang đổ dữ liệu cho bảng `slider`
--

INSERT INTO `slider` (`Id`, `TenSlider`, `URL`, `Anh`, `SapXep`, `ViTri`, `MoTa`, `TuKhoa`, `TenChuDe`, `NguoiTao`, `NgayTao`, `NguoiCapNhat`, `NgayCapNhat`, `TrangThai`) VALUES
(1, 'Trang chủ', '', 'slider_673089fbec828.jpg', 1, 'header', 'ádasdad', 'panda', 'venom', 0, '2024-11-06 15:34:48', 3, '2024-11-10 17:24:59', 1),
(2, 'ádasd', '', 'slider_67308a01c3db3.jpg', 2, 'header', 'sadasdasd', 'Thiên Đường Quả Báo', 'Thiên Đường Quả Báo', 0, '2024-11-06 15:35:08', 3, '2024-11-10 17:25:05', 1),
(3, 'Góc điện ảnh', '', 'slider_67306c3f2d2d1.jpg', 3, 'header', 'cameo', 'cameo', '500 cameo', 3, '2024-11-10 09:44:07', 3, '2024-11-10 15:18:07', 1),
(4, 'College Bot', '', 'slider_6734b5975d441.gif', 3, 'header', 'qweqwe', 'qweqwe', 'venomsss', 3, '2024-11-13 21:19:48', 3, '2024-11-13 21:20:07', 1);

-- --------------------------------------------------------

--
-- Cấu trúc bảng cho bảng `suatchieu`
--

CREATE TABLE `suatchieu` (
  `MaSuatChieu` int(11) NOT NULL,
  `MaPhim` int(11) NOT NULL,
  `MaPhong` int(11) NOT NULL,
  `GioChieu` datetime NOT NULL,
  `NguoiTao` int(11) NOT NULL,
  `NgayTao` datetime NOT NULL,
  `NguoiCapNhat` int(11) DEFAULT NULL,
  `NgayCapNhat` datetime DEFAULT NULL,
  `TrangThai` tinyint(1) DEFAULT NULL
) ENGINE=InnoDB DEFAULT CHARSET=utf8 COLLATE=utf8_general_ci;

--
-- Đang đổ dữ liệu cho bảng `suatchieu`
--

INSERT INTO `suatchieu` (`MaSuatChieu`, `MaPhim`, `MaPhong`, `GioChieu`, `NguoiTao`, `NgayTao`, `NguoiCapNhat`, `NgayCapNhat`, `TrangThai`) VALUES
(20, 29, 2, '2024-11-15 16:00:00', 3, '2024-11-10 09:28:11', 3, '2024-11-14 12:54:08', 1),
(21, 28, 2, '2024-11-10 12:00:00', 3, '2024-11-10 09:28:31', 3, '2024-11-10 09:28:31', 1),
(22, 30, 2, '2024-11-13 01:02:00', 3, '2024-11-10 09:28:42', 3, '2024-11-13 20:22:23', 1),
(23, 31, 2, '2024-11-10 14:00:00', 3, '2024-11-10 09:28:50', 3, '2024-11-10 09:28:50', 1),
(25, 29, 3, '2024-11-10 13:00:00', 3, '2024-11-10 10:11:20', 3, '2024-11-10 10:11:20', 1),
(26, 29, 2, '2024-11-14 15:00:00', 3, '2024-11-14 13:58:06', 3, '2024-11-14 13:58:06', 1),
(29, 29, 2, '2024-11-14 14:00:00', 3, '2024-11-14 13:59:11', 3, '2024-11-14 13:59:11', 1),
(30, 28, 2, '2024-11-15 12:00:00', 3, '2024-11-15 10:29:53', 3, '2024-11-15 10:29:53', 1),
(31, 29, 3, '2024-11-15 17:30:00', 3, '2024-11-15 10:30:24', 3, '2024-11-15 10:30:24', 1),
(32, 30, 4, '2024-11-15 17:00:00', 3, '2024-11-15 10:31:02', 3, '2024-11-15 10:31:02', 1),
(33, 28, 3, '2024-11-15 20:00:00', 3, '2024-11-15 10:31:42', 3, '2024-11-15 10:31:42', 1),
(34, 29, 4, '2024-11-15 22:00:00', 3, '2024-11-15 10:32:48', 3, '2024-11-15 10:32:48', 1),
(35, 28, 2, '2024-11-16 12:00:00', 3, '2024-11-15 10:47:06', 3, '2024-11-15 10:47:06', 1),
(36, 28, 3, '2024-11-16 08:00:00', 3, '2024-11-15 10:47:23', 3, '2024-11-15 10:47:23', 1),
(37, 28, 4, '2024-11-16 19:00:00', 3, '2024-11-15 10:47:44', 3, '2024-11-15 10:47:44', 1),
(38, 28, 2, '2024-11-16 21:00:00', 3, '2024-11-15 10:48:02', 3, '2024-11-15 10:48:02', 1),
(39, 28, 3, '2024-11-16 16:00:00', 3, '2024-11-15 10:48:18', 3, '2024-11-15 10:48:18', 1);

-- --------------------------------------------------------

--
-- Cấu trúc bảng cho bảng `taikhoan`
--

CREATE TABLE `taikhoan` (
  `MaND` int(11) NOT NULL,
  `TenDangNhap` varchar(50) NOT NULL,
  `MatKhau` varchar(100) NOT NULL,
  `TenND` varchar(200) NOT NULL,
  `Quyen` tinyint(4) NOT NULL
) ENGINE=InnoDB DEFAULT CHARSET=utf8 COLLATE=utf8_general_ci;

--
-- Đang đổ dữ liệu cho bảng `taikhoan`
--

INSERT INTO `taikhoan` (`MaND`, `TenDangNhap`, `MatKhau`, `TenND`, `Quyen`) VALUES
(3, 'admin', '$2y$10$N0afq6jUbP5Ki8aZIKnDVu0OvijnFLptNj9wwgkQuP7WHfPifHyRS', 'Admin', 1),
(5, 'fogvn', '$2y$10$MMOp8oPWYLeFRAGgnrcMB.j2EcI8KwOZhmxoGm7MTthxRLhZUS8NG', 'Nguyễn Thiết Duy Đan', 0),
(8, 'duydann', '$2y$10$zi80NJ3iqmVE8ayLQx6BDer2EBWWTj.VY/EfOL4fvZJGeIWxvgeqO', 'duydan', 0),
(10, 'phattran', '$2y$10$GZwWnnpyV3QRBw74By8Z1ueZFUu6ZPx7u9z1k9MKKIQFbTOgapjg2', 'Trần Duy Phát', 0),
(11, 'phuc', '$2y$10$tbZpz/PxA5MFG1IVLTSEWOqPr04i2K7jHgqwuUUafTUyRcIFjY5em', 'Lữ Vũ Phúc', 0),
(12, 'duyphat2810@gmail.com', '', 'Phát Duy', 0),
(13, 'dn135897@gmail.com', '', 'Thiết Duy Đan Nguyễn', 0),
(15, 'nhanvien', '$2y$10$PW.YM7mtFCr2IDh4nXfyie3ap4m9gRhueOB2EW0Tdel1zzMLIsilu', 'Nhân Viên', 2),
(16, 'duydan.cv@gmail.com', '', 'Nguyen Dan', 0),
(17, 'dan.ntd.63cntt@ntu.edu.vn', '', 'Nguyễn Thiết Duy Đan', 0);

-- --------------------------------------------------------

--
-- Cấu trúc bảng cho bảng `thamso`
--

CREATE TABLE `thamso` (
  `Id` int(11) NOT NULL,
  `TenThamSo` varchar(255) DEFAULT NULL,
  `DonViTinh` varchar(255) DEFAULT NULL,
  `GiaTri` varchar(255) DEFAULT NULL,
  `TrangThai` tinyint(1) NOT NULL
) ENGINE=InnoDB DEFAULT CHARSET=utf8 COLLATE=utf8_general_ci;

--
-- Đang đổ dữ liệu cho bảng `thamso`
--

INSERT INTO `thamso` (`Id`, `TenThamSo`, `DonViTinh`, `GiaTri`, `TrangThai`) VALUES
(2, 'Đơn', 'VNĐ', '79000', 1),
(3, 'Đôi', 'VNĐ', '180000', 1),
(4, 'VIP', 'VNĐ', '150000', 1),
(5, 'Silver', 'VNĐ', '2000000', 1),
(6, 'Gold', 'VNĐ', '4500000', 1),
(7, 'Platinum', 'VNĐ', '9000000', 1);

-- --------------------------------------------------------

--
-- Cấu trúc bảng cho bảng `theloai`
--

CREATE TABLE `theloai` (
  `MaTheLoai` int(11) NOT NULL,
  `TenTheLoai` varchar(255) NOT NULL,
  `NguoiTao` int(11) DEFAULT NULL,
  `NgayTao` datetime DEFAULT NULL,
  `NguoiCapNhat` int(11) DEFAULT NULL,
  `NgayCapNhat` datetime DEFAULT NULL,
  `TrangThai` tinyint(1) DEFAULT NULL
) ENGINE=InnoDB DEFAULT CHARSET=utf8 COLLATE=utf8_general_ci;

--
-- Đang đổ dữ liệu cho bảng `theloai`
--

INSERT INTO `theloai` (`MaTheLoai`, `TenTheLoai`, `NguoiTao`, `NgayTao`, `NguoiCapNhat`, `NgayCapNhat`, `TrangThai`) VALUES
(42, 'Hành động', 3, '2024-11-15 16:27:51', 3, '2024-11-15 16:27:51', 1),
(43, 'Lịch sử', 3, '2024-11-15 16:27:51', 3, '2024-11-15 16:27:51', 1),
(44, 'Khoa học- viễn tưởng', 3, '2024-11-15 16:27:51', 3, '2024-11-15 16:27:51', 1),
(45, 'Tình cảm', 3, '2024-11-15 16:27:51', 3, '2024-11-15 16:27:51', 1),
(46, 'Hài', 3, '2024-11-15 16:27:51', 3, '2024-11-15 16:27:51', 1),
(47, 'Giật gân', 3, '2024-11-15 16:27:51', 3, '2024-11-15 16:27:51', 1),
(48, 'Kinh dị', 3, '2024-11-15 16:27:51', 3, '2024-11-15 16:27:51', 1),
(49, 'Tội phạm', 3, '2024-11-15 16:27:51', 3, '2024-11-15 16:27:51', 1),
(50, 'Phiêu lưu', 3, '2024-11-15 16:27:51', 3, '2024-11-15 16:27:51', 1),
(51, 'Cổ trang', 3, '2024-11-16 10:30:26', 3, '2024-11-16 10:30:26', 1);

--
-- Bẫy `theloai`
--
DELIMITER $$
CREATE TRIGGER `before_delete_theloai` BEFORE DELETE ON `theloai` FOR EACH ROW BEGIN
    DELETE FROM TheLoai_Film WHERE MaTheLoai = OLD.MaTheLoai;
END
$$
DELIMITER ;

-- --------------------------------------------------------

--
-- Cấu trúc bảng cho bảng `theloai_film`
--

CREATE TABLE `theloai_film` (
  `Id` int(11) NOT NULL,
  `MaTheLoai` int(11) DEFAULT NULL,
  `MaPhim` int(11) DEFAULT NULL
) ENGINE=InnoDB DEFAULT CHARSET=utf8 COLLATE=utf8_general_ci;

--
-- Đang đổ dữ liệu cho bảng `theloai_film`
--

INSERT INTO `theloai_film` (`Id`, `MaTheLoai`, `MaPhim`) VALUES
(122, 42, 28),
(123, 43, 28);

--
-- Chỉ mục cho các bảng đã đổ
--

--
-- Chỉ mục cho bảng `baiviet`
--
ALTER TABLE `baiviet`
  ADD PRIMARY KEY (`Id`),
  ADD KEY `FK_BaiViet_ChuDe` (`ChuDeBV`);

--
-- Chỉ mục cho bảng `chitiethoadon`
--
ALTER TABLE `chitiethoadon`
  ADD PRIMARY KEY (`MaCTHD`),
  ADD KEY `FK_ChiTietHoaDon_Ghe` (`MaGhe`),
  ADD KEY `FK_ChiTietHoaDon_HoaDon` (`MaHD`),
  ADD KEY `FK_ChiTietHoaDon_SuatChieu` (`MaSuatChieu`);

--
-- Chỉ mục cho bảng `chude`
--
ALTER TABLE `chude`
  ADD PRIMARY KEY (`Id`),
  ADD KEY `FK_ChuDe_Phim` (`MaPhim`);

--
-- Chỉ mục cho bảng `ghe`
--
ALTER TABLE `ghe`
  ADD PRIMARY KEY (`MaGhe`),
  ADD KEY `FK_Ghe_Phong` (`MaPhong`);

--
-- Chỉ mục cho bảng `hoadon`
--
ALTER TABLE `hoadon`
  ADD PRIMARY KEY (`MaHD`),
  ADD KEY `FK_HoaDon_NguoiDung` (`MaND`);

--
-- Chỉ mục cho bảng `menu`
--
ALTER TABLE `menu`
  ADD PRIMARY KEY (`Id`);

--
-- Chỉ mục cho bảng `nguoidung`
--
ALTER TABLE `nguoidung`
  ADD PRIMARY KEY (`MaND`);

--
-- Chỉ mục cho bảng `phim`
--
ALTER TABLE `phim`
  ADD PRIMARY KEY (`MaPhim`);

--
-- Chỉ mục cho bảng `phong`
--
ALTER TABLE `phong`
  ADD PRIMARY KEY (`MaPhong`);

--
-- Chỉ mục cho bảng `slider`
--
ALTER TABLE `slider`
  ADD PRIMARY KEY (`Id`);

--
-- Chỉ mục cho bảng `suatchieu`
--
ALTER TABLE `suatchieu`
  ADD PRIMARY KEY (`MaSuatChieu`),
  ADD KEY `FK_SuatChieu_Phim` (`MaPhim`),
  ADD KEY `fk_MaPhong` (`MaPhong`);

--
-- Chỉ mục cho bảng `taikhoan`
--
ALTER TABLE `taikhoan`
  ADD PRIMARY KEY (`MaND`),
  ADD UNIQUE KEY `TenDangNhap` (`TenDangNhap`);

--
-- Chỉ mục cho bảng `thamso`
--
ALTER TABLE `thamso`
  ADD PRIMARY KEY (`Id`);

--
-- Chỉ mục cho bảng `theloai`
--
ALTER TABLE `theloai`
  ADD PRIMARY KEY (`MaTheLoai`);

--
-- Chỉ mục cho bảng `theloai_film`
--
ALTER TABLE `theloai_film`
  ADD PRIMARY KEY (`Id`),
  ADD KEY `FK_TheLoai_Film_Phim` (`MaPhim`),
  ADD KEY `FK_TheLoai_Film_TheLoai` (`MaTheLoai`);

--
-- AUTO_INCREMENT cho các bảng đã đổ
--

--
-- AUTO_INCREMENT cho bảng `baiviet`
--
ALTER TABLE `baiviet`
  MODIFY `Id` int(11) NOT NULL AUTO_INCREMENT, AUTO_INCREMENT=4;

--
-- AUTO_INCREMENT cho bảng `chitiethoadon`
--
ALTER TABLE `chitiethoadon`
  MODIFY `MaCTHD` int(11) NOT NULL AUTO_INCREMENT, AUTO_INCREMENT=275;

--
-- AUTO_INCREMENT cho bảng `chude`
--
ALTER TABLE `chude`
  MODIFY `Id` int(11) NOT NULL AUTO_INCREMENT, AUTO_INCREMENT=6;

--
-- AUTO_INCREMENT cho bảng `ghe`
--
ALTER TABLE `ghe`
  MODIFY `MaGhe` int(11) NOT NULL AUTO_INCREMENT, AUTO_INCREMENT=154;

--
-- AUTO_INCREMENT cho bảng `hoadon`
--
ALTER TABLE `hoadon`
  MODIFY `MaHD` int(11) NOT NULL AUTO_INCREMENT, AUTO_INCREMENT=54;

--
-- AUTO_INCREMENT cho bảng `menu`
--
ALTER TABLE `menu`
  MODIFY `Id` int(11) NOT NULL AUTO_INCREMENT, AUTO_INCREMENT=15;

--
-- AUTO_INCREMENT cho bảng `phim`
--
ALTER TABLE `phim`
  MODIFY `MaPhim` int(11) NOT NULL AUTO_INCREMENT, AUTO_INCREMENT=41;

--
-- AUTO_INCREMENT cho bảng `phong`
--
ALTER TABLE `phong`
  MODIFY `MaPhong` int(11) NOT NULL AUTO_INCREMENT, AUTO_INCREMENT=7;

--
-- AUTO_INCREMENT cho bảng `slider`
--
ALTER TABLE `slider`
  MODIFY `Id` int(11) NOT NULL AUTO_INCREMENT, AUTO_INCREMENT=5;

--
-- AUTO_INCREMENT cho bảng `suatchieu`
--
ALTER TABLE `suatchieu`
  MODIFY `MaSuatChieu` int(11) NOT NULL AUTO_INCREMENT, AUTO_INCREMENT=41;

--
-- AUTO_INCREMENT cho bảng `taikhoan`
--
ALTER TABLE `taikhoan`
  MODIFY `MaND` int(11) NOT NULL AUTO_INCREMENT, AUTO_INCREMENT=21;

--
-- AUTO_INCREMENT cho bảng `thamso`
--
ALTER TABLE `thamso`
  MODIFY `Id` int(11) NOT NULL AUTO_INCREMENT, AUTO_INCREMENT=9;

--
-- AUTO_INCREMENT cho bảng `theloai`
--
ALTER TABLE `theloai`
  MODIFY `MaTheLoai` int(11) NOT NULL AUTO_INCREMENT, AUTO_INCREMENT=52;

--
-- AUTO_INCREMENT cho bảng `theloai_film`
--
ALTER TABLE `theloai_film`
  MODIFY `Id` int(11) NOT NULL AUTO_INCREMENT, AUTO_INCREMENT=124;

--
-- Các ràng buộc cho các bảng đã đổ
--

--
-- Các ràng buộc cho bảng `baiviet`
--
ALTER TABLE `baiviet`
  ADD CONSTRAINT `FK_BaiViet_ChuDe` FOREIGN KEY (`ChuDeBV`) REFERENCES `chude` (`Id`) ON DELETE CASCADE;

--
-- Các ràng buộc cho bảng `chitiethoadon`
--
ALTER TABLE `chitiethoadon`
  ADD CONSTRAINT `FK_ChiTietHoaDon_HoaDon` FOREIGN KEY (`MaHD`) REFERENCES `hoadon` (`MaHD`) ON DELETE CASCADE,
  ADD CONSTRAINT `FK_ChiTietHoaDon_SuatChieu` FOREIGN KEY (`MaSuatChieu`) REFERENCES `suatchieu` (`MaSuatChieu`) ON DELETE CASCADE;

--
-- Các ràng buộc cho bảng `chude`
--
ALTER TABLE `chude`
  ADD CONSTRAINT `fk_chude_phim` FOREIGN KEY (`MaPhim`) REFERENCES `phim` (`MaPhim`) ON DELETE CASCADE;

--
-- Các ràng buộc cho bảng `ghe`
--
ALTER TABLE `ghe`
  ADD CONSTRAINT `FK_Ghe_Phong` FOREIGN KEY (`MaPhong`) REFERENCES `phong` (`MaPhong`) ON DELETE CASCADE;

--
-- Các ràng buộc cho bảng `hoadon`
--
ALTER TABLE `hoadon`
  ADD CONSTRAINT `FK_HoaDon_NguoiDung` FOREIGN KEY (`MaND`) REFERENCES `nguoidung` (`MaND`) ON DELETE CASCADE;

--
-- Các ràng buộc cho bảng `nguoidung`
--
ALTER TABLE `nguoidung`
  ADD CONSTRAINT `fk_maND` FOREIGN KEY (`MaND`) REFERENCES `taikhoan` (`MaND`) ON DELETE CASCADE ON UPDATE CASCADE;

--
-- Các ràng buộc cho bảng `suatchieu`
--
ALTER TABLE `suatchieu`
  ADD CONSTRAINT `FK_SuatChieu_Phim` FOREIGN KEY (`MaPhim`) REFERENCES `phim` (`MaPhim`) ON DELETE CASCADE,
  ADD CONSTRAINT `fk_MaPhong` FOREIGN KEY (`MaPhong`) REFERENCES `phong` (`MaPhong`) ON DELETE CASCADE ON UPDATE CASCADE,
  ADD CONSTRAINT `suatchieu_ibfk_1` FOREIGN KEY (`MaPhim`) REFERENCES `phim` (`MaPhim`);

--
-- Các ràng buộc cho bảng `theloai_film`
--
ALTER TABLE `theloai_film`
  ADD CONSTRAINT `FK_TheLoai_Film_Phim` FOREIGN KEY (`MaPhim`) REFERENCES `phim` (`MaPhim`),
  ADD CONSTRAINT `FK_TheLoai_Film_TheLoai` FOREIGN KEY (`MaTheLoai`) REFERENCES `theloai` (`MaTheLoai`),
  ADD CONSTRAINT `theloai_film_ibfk_1` FOREIGN KEY (`MaTheLoai`) REFERENCES `theloai` (`MaTheLoai`),
  ADD CONSTRAINT `theloai_film_ibfk_2` FOREIGN KEY (`MaPhim`) REFERENCES `phim` (`MaPhim`);
COMMIT;

/*!40101 SET CHARACTER_SET_CLIENT=@OLD_CHARACTER_SET_CLIENT */;
/*!40101 SET CHARACTER_SET_RESULTS=@OLD_CHARACTER_SET_RESULTS */;
/*!40101 SET COLLATION_CONNECTION=@OLD_COLLATION_CONNECTION */;
